0BCCQKBX-DUH615Z5R,DETACHED
0BCCQKBX-DUH615Z5R,DETACHED
0BCCQKBX-DUH615Z5R,DETACHED
0BCCQKBX-DUH615Z5R,DETACHED
0BCCQKBX-DUH615Z5R,DETACHED
0BCCQKBX-DUH615Z5R,DETACHED
0BCCQKBX-DUH615Z5R,DETACHED
0BCCQKBX-DUH615Z5R,DETACHED
0BCCQKBX-DUH615Z5R,DETACHED
0BCCQKBX-DUH615Z5R,DETACHED
0BCCQKBX-Q7UOL0K2B,DETACHED
0BCCQKBX-Q7UOL0K2B,DETACHED
0BCCQKBX-3K71YBOT3,DETACHED
0BCCQKBX-3K71YBOT3,DETACHED
0BCCQKBX-3K71YBOT3,DETACHED
8TNNPM4T-BRAQDQ91D,DETACHED
8TNNPM4T-BRAQDQ91D,DETACHED
8TNNPM4T-BRAQDQ91D,DETACHED
9X3IOOUO-0H54LY140,DETACHED
9X3IOOUO-5MA91AD2X,DETACHED
9X3IOOUO-5MA91AD2X,DETACHED
BHB1JNRX-4L6ZQ9PB9,DETACHED
GWR0Y8JD-BR278ZD7O,DETACHED
GWR0Y8JD-BR278ZD7O,DETACHED
KDAUT0Z8-N4REE24XY,ATTACHED
L6WSO2JB-DTC76HRLK,DETACHED
MYE9STFT-S9WJQZDWK,ATTACHED
UD028MNB-J0NC48SWK,ATTACHED
VFJPX0I6-FWIMFVZAU,DETACHED
VFJPX0I6-IZLOCSI0R,DETACHED
VFJPX0I6-5M8QLCKIW,DETACHED
WPXRTSVL-ARFE11XUF,ATTACHED
WPXRTSVL-ARFE11XUF,ATTACHED
WPXRTSVL-ARFE11XUF,ATTACHED
WPXRTSVL-ARFE11XUF,ATTACHED
WPXRTSVL-DUIL7LBG9,DETACHED
YX2R321K-3K87QBPML,DETACHED
YX2R321K-3K87QBPML,DETACHED
ZYW25RVY-CTHFHNTVT,ATTACHED
ZYW25RVY-CTHFHNTVT,ATTACHED
ZYW25RVY-CTHFHNTVT,ATTACHED
ZYW25RVY-CTHFHNTVT,ATTACHED
