MYE9STFT-BSF3CO77G,10.0,BACKUP
WPXRTSVL-ARFE11XUF,10.0,EX_DISK
MYE9STFT-GXLHDXAWO,10.0,BACKUP
9X3IOOUO-S9WRYOGJL,10.0,BACKUP
0BCCQKBX-Q7UOL0K2B,10.0,EX_DISK
WPXRTSVL-DUIL7LBG9,10.0,EX_DISK
EVXKH7EF-HYMK3BW6B,10.0,BACKUP
BHB1JNRX-R7Q0XKBUR,10.0,EX_DISK
J9U9W70A-GXLMI9BB7,10.0,BACKUP
Y7R8RCX2-IZIG34O5G,10.0,BACKUP
EVXKH7EF-UBUD0SW13,10.0,EX_DISK
0BCCQKBX-3K71YBOT3,10.0,EX_DISK
MYE9STFT-R8WSI32LO,10.0,BACKUP
9X3IOOUO-0H54LY140,10.0,BACKUP
ZYW25RVY-CTHFHNTVT,10.0,EX_DISK
MYE9STFT-6NAX20G7H,10.0,BACKUP
0BCCQKBX-XE20BZ0OC,10.0,EX_DISK
BHB1JNRX-4L6ZQ9PB9,10.0,EX_DISK
8TNNPM4T-BRAQDQ91D,10.0,BACKUP
GWR0Y8JD-BR278ZD7O,10.0,EX_DISK
