0BCCQKBX-DUH615Z5R,DETACHED
0BCCQKBX-DUH615Z5R,DETACHED
0BCCQKBX-DUH615Z5R,DETACHED
0BCCQKBX-DUH615Z5R,DETACHED
0BCCQKBX-DUH615Z5R,DETACHED
0BCCQKBX-DUH615Z5R,DETACHED
0BCCQKBX-DUH615Z5R,DETACHED
0BCCQKBX-DUH615Z5R,DETACHED
0BCCQKBX-DUH615Z5R,DETACHED
0BCCQKBX-DUH615Z5R,DETACHED
0BCCQKBX-Q7UOL0K2B,ATTACHED
0BCCQKBX-Q7UOL0K2B,ATTACHED
0BCCQKBX-3K71YBOT3,ATTACHED
0BCCQKBX-3K71YBOT3,ATTACHED
0BCCQKBX-3K71YBOT3,DETACHED
8TNNPM4T-BRAQDQ91D,DETACHED
8TNNPM4T-BRAQDQ91D,DETACHED
8TNNPM4T-BRAQDQ91D,DETACHED
BHB1JNRX-4L6ZQ9PB9,DETACHED
GWR0Y8JD-BR278ZD7O,DETACHED
GWR0Y8JD-BR278ZD7O,DETACHED
KDAUT0Z8-N4REE24XY,ATTACHED
L6WSO2JB-DTC76HRLK,DETACHED
MFIMHMMW-K1PN2ZI3Q,DETACHED
MFIMHMMW-K1PN2ZI3Q,DETACHED
MFIMHMMW-K1PN2ZI3Q,DETACHED
MYE9STFT-S9WJQZDWK,ATTACHED
MYE9STFT-R8WSI32LO,DETACHED
UD028MNB-J0NC48SWK,ATTACHED
VFJPX0I6-FWIMFVZAU,DETACHED
VFJPX0I6-IZLOCSI0R,ATTACHED
VFJPX0I6-5M8QLCKIW,DETACHED
ZYW25RVY-CTHFHNTVT,DETACHED
ZYW25RVY-CTHFHNTVT,DETACHED
ZYW25RVY-CTHFHNTVT,DETACHED
ZYW25RVY-CTHFHNTVT,DETACHED
