IMG_3c4033_R10WP24CIQPSSG0,Windows Server 2008 R2 SE 64bit (English),Symantec Endpoint Protection 11.0 (English)
IMG_3c4033_KAN45NYDC7DHC,CentOS 5.4 64bit-en
IMG_3c4033_5F6TV0E6KG,Red Hat Enterprise Linux 5.5 64bit (English),Symantec AntiVirus for Linux 1.0
IMG_3c4033_M16MFRSVZD7OCG,CentOS 5.4 32bit
IMG_3c4033_WX7PRJZVOH43AIO,CentOS 5.6 32bit (English)
IMG_3c4033_ADGVR7HTWQO,Red Hat Enterprise Linux 5.7 32bit (Japanese),Symantec AntiVirus for Linux 1.0
IMG_3c4033_QIEY5E3XPRSD1C,Server Load Balancer
IMG_3c4033_GNDKO57MU0HS,Windows Server 2008 R2 SE 64bit (Japanese) with Support,SQLServer 2008 EE SP1 (Japanese) with Support,Symantec Endpoint Protection 11.0 (Japanese)
IMG_3c4033_E5WYUYK4PCLC,CentOS 5.4 64bit-en
IMG_3c4033_1XBN3LU7W,Windows Server 2003 R2 SE 32bit SP2 (Japanese),SQLServer 2008 R2 SE (Japanese)
IMG_3c4033_WWZZEQM3ULEIFB4,CentOS 5.4 32bit
IMG_3c4033_83D60YZAWW0,Red Hat Enterprise Linux 5.7 64bit (Japanese),NetVault Backup Server for Linux with Support,Symantec AntiVirus for Linux 1.0,NetVault Backup SmartDisk for Linux with Support
IMG_3c4033_0H50LEBUV,CentOS 5.4 64bit
IMG_3c4033_WWT9YXXBZ810FLS,Windows Server 2003 R2 SE 32bit SP2 (Japanese),Internet Information Server 6.0
IMG_3c4033_T477YZCTTU24V0G,CentOS 6.0 64bit (Japanese),OSS Web Platform(Tomcat/MySQL)
IMG_3c4033_LKSQHG6J9AY2O,Windows Server 2003 R2 SE 32bit SP2 (Japanese),SQLServer 2008 R2 SE (Japanese)
IMG_3c4033_96QVTB58A2O,CentOS 5.6 64bit (English)
IMG_3c4033_0GPL424KI,CentOS 5.4 32bit
IMG_3c4033_GO0H8QDP4O3K,Windows Server 2008 R2 SE 64bit (Japanese) with Support,Rational AppScan Standard Edition (Japanese),Symantec Endpoint Protection 11.0 (Japanese)
IMG_3c4033_FBY7AODNQ9Z4,CentOS 5.4 64bit-en
IMG_3c4033_WXMTYCX520H8C1S,CentOS 5.4 64bit-en
IMG_3c4033_N2B3RETLG1YHVK,CentOS 5.4 32bit
IMG_3c4033_71OI0VRZ69S,CentOS 5.4 32bit-en
IMG_3c4033_96PW5H2CUM8,CentOS 5.4 64bit-en
IMG_3c4033_N2ATO9XV5H6WOW,CentOS 5.4 64bit
IMG_3c4033_M16H0SS1PE76RK,CentOS 5.4 64bit-en
IMG_3c4033_Z7GU24J2NSP1179C,OSS Web Platform(PHP/PostgreSQL)
IMG_3c4033_T4842I4PY16FQWW,Red Hat Enterprise Linux 6.2 64bit (Japanese),Symantec AntiVirus for Linux 1.0
IMG_3c4033_0GT71QI91,Windows Server 2008 R2 SE 64bit (Japanese) with Support,SQLServer 2008 R2 SE (Japanese) with Support,Symantec Endpoint Protection 11.0 (Japanese)
IMG_3c4033_VGLTTZAAU71REO0,Red Hat Enterprise Linux 5.5 64bit (English),Symantec AntiVirus for Linux 1.0
IMG_3c4033_C1HVISOIKMBK,CentOS 5.4 64bit-en
IMG_3c4033_QIX3H364D3MIV4,CentOS 5.4 64bit-en
IMG_3c4033_21W99SIG4O,CentOS 5.4 32bit
IMG_3c4033_LL7UHXEKKYE4G,Red Hat Enterprise Linux 5.7 32bit simple JPN with Support
IMG_3c4033_R11U6UL6SCC6CCG,CentOS 5.4 32bit-en
IMG_3c4033_5F5444K734,Windows Server 2008 R2 SE 64bit (Japanese),NetVault Backup Server for Windows,NetVault Backup SmartDisk for Windows,Symantec Endpoint Protection 11.0 (Japanese)
IMG_3c4033_H1BS5FLJGC83K,CentOS 5.4 64bit-en
IMG_3c4033_FBY7BLXTICCG,CentOS 5.4 64bit-en
IMG_3c4033_S22UYUEF4HX7ITC,CentOS 5.4 32bit
IMG_3c4033_ADFZ8WQAA68,CentOS 5.4 64bit-en
IMG_3c4033_N2D483WJ609SE8,CentOS 5.4 64bit-en
IMG_3c4033_M169NWPGC4C074,CentOS 5.4 32bit
IMG_3c4033_FBZG3OJ1924G,CentOS 5.4 32bit
IMG_3c4033_KAN45DWQ9SPA8,CentOS 5.4 64bit-en
IMG_3c4033_O4PYFRLOBSOPOG,CentOS 5.4 64bit-en
IMG_3c4033_O4PYGIP34YEWW0,CentOS 5.4 64bit-en
IMG_3c4033_QIUF1SF1H2QQRK,CentOS 5.6 32bit (English)
IMG_3c4033_M15O7CC0BO17GG,Windows Server 2008 R2 SE 64bit (Japanese) with Support,Symantec Endpoint Protection 11.0 (Japanese),IBM WebSphere 7.0.0.13
IMG_3c4033_P977U7Z3PAVYTC,Windows Server 2003 R2 EE 32bit SP2 (Japanese) with Support,Symantec Endpoint Protection 11.0 (Japanese)
IMG_3c4033_ADFZ6SAFZLS,CentOS 5.4 64bit-en
IMG_3c4033_ADA59DDXZPC,CentOS 5.4 32bit
IMG_3c4033_BQA3CPZ7F9C,Windows Server 2003 R2 SE 32bit SP2 (Japanese),SQLServer 2008 SE SP1 (Japanese)
IMG_3c4033_ADFZ7URBZLS,CentOS 5.4 64bit-en
IMG_3c4033_S23289KF9R629S0,Windows Server 2008 R2 SE 64bit (Japanese),SQLServer 2008 R2 SE (Japanese),ARCserve Backup Base with SQL Suite,Symantec Endpoint Protection 11.0 (Japanese)
IMG_3c4033_R11RNH744WIJKE8,CentOS 5.4 64bit-en
IMG_3c4033_QIOK4U7N3F4UTC,CentOS 5.6 32bit (English)
IMG_3c4033_J5BARDRTVUVWG,CentOS 5.4 32bit
IMG_3c4033_ADGRQA6VQWW,CentOS 5.4 64bit-en
IMG_3c4033_Y3OZ8FV6XHZGZEGW,CentOS 5.4 32bit
IMG_3c4033_E5V97VAF0NWG,Windows Server 2008 R2 SE 64bit (Japanese) with Support,Symantec Endpoint Protection 11.0 (Japanese)
IMG_3c4033_T43CTKQXPI5X0XS,Windows Server 2003 R2 EE 32bit SP2 (Japanese) with Support,Symantec Endpoint Protection 11.0 (Japanese),SQLServer 2008 R2 SE (Japanese)
IMG_3c4033_1Y152JZIA,Red Hat Enterprise Linux 5.5 64bit (Japanese),Symantec AntiVirus for Linux 1.0
IMG_3c4033_71ONYQZ016O,Windows Server 2003 R2 SE 32bit SP2 (Japanese),Symantec Endpoint Protection 11.0 (Japanese)
IMG_3c4033_E5U8MTWTD9TS,Windows Server 2003 R2 EE 32bit (Japanese)
IMG_3c4033_ADA6L29MMF4,Windows Server 2008 R2 SE 64bit (Japanese),Symantec Endpoint Protection 11.0 (Japanese)
IMG_3c4033_71N51BG78G0,Red Hat Enterprise Linux 5.5 32bit (English),Symantec AntiVirus for Linux 1.0
IMG_3c4033_6TXSD1YU2O,CentOS 5.4 32bit
IMG_3c4033_83CY4HKQ8E8,CentOS 5.4 64bit-en
IMG_3c4033_839WHKL1VK0,Windows Server 2003 R2 EE 32bit (Japanese),Symantec Endpoint Protection 11.0 (Japanese),SQLServer 2008 SE SP1 (Japanese) with Support
IMG_3c4033_R10TNZ2XLEL0D8G,Red Hat Enterprise Linux 5.5 64bit (Japanese),Symantec AntiVirus for Linux 1.0
IMG_3c4033_BQXRB4KS8W0,CentOS 5.4 32bit-en
IMG_3c4033_X1UHGZENISP3RVNK,CentOS 5.4 32bit
IMG_3c4033_83DIMSWSVEO,CentOS 5.4 32bit
IMG_3c4033_O4PNLWNPEBHZB4,CentOS 5.4 64bit-en
IMG_3c4033_ADFSNHF8S8W,Red Hat Enterprise Linux 5.7 64bit (Japanese),Symantec AntiVirus for Linux 1.0
IMG_3c4033_0GTZH7RS9,Windows Server 2008 R2 EE 64bit (Japanese) with Support,Symantec Endpoint Protection 11.0 (Japanese)
IMG_3c4033_KAG30HWGFTLA8,Red Hat Enterprise Linux 5.5 64bit (English),Symantec AntiVirus for Linux 1.0
IMG_3c4033_M16RIXSUZ0M22O,CentOS 6.2 64bit (English)
IMG_3c4033_I2NR8JJTI1MV4,CentOS 5.4 64bit-en
IMG_3c4033_FBOO9OV6XVK0,CentOS 5.4 64bit
IMG_3c4033_5F3TXJCCW0,CentOS 5.6 64bit (English)
IMG_3c4033_E60OTYYYXNNK,CentOS 5.4 64bit-en
IMG_3c4033_P9GJQAF0TAR85C,CentOS 5.4 64bit-en
IMG_3c4033_BQXRGADNOCG,CentOS 5.4 32bit-en
IMG_3c4033_QIVKB6E2D4AKU8,CentOS 5.4 64bit-en
IMG_3c4033_O4M32PQ9MV0HKW,Windows Server 2008 R2 SE 64bit (Japanese),Symantec Endpoint Protection 11.0 (Japanese),SQLServer 2008 R2 SE (Japanese)
IMG_3c4033_96KK3S2RA4G,CentOS 5.4 64bit-en
IMG_3c4033_FBXHZGX3UIGW,CentOS 5.4 64bit-en
IMG_3c4033_Y3OYO1971SYZV6YO,Windows Server 2003 R2 SE 32bit SP2 (Japanese),Symantec Endpoint Protection 11.0 (Japanese),Internet Information Server 6.0
IMG_3c4033_6U8YB38YTC,CentOS 5.4 64bit-en
IMG_3c4033_C1HV2Q2M5ZB4,CentOS 5.4 64bit-en
IMG_3c4033_M1618KBHERV8JK,CentOS 5.6 32bit (English)
IMG_3c4033_ADGRQAP6G3K,CentOS 5.4 64bit-en
IMG_3c4033_H1BQOIZV92IO0,CentOS 5.6 64bit (English)
IMG_3c4033_33QDE8W1A8,Red Hat Enterprise Linux 5.5 64bit (English),Symantec AntiVirus for Linux 1.0
IMG_3c4033_U8EPJ2YVKON318G,CentOS 5.4 32bit
IMG_3c4033_BQLUMN724U8,CentOS 5.4 32bit
IMG_3c4033_D2ZV2NCPLGJK,CentOS 5.6 64bit (English)
IMG_3c4033_E5VM4W50F5Z4,Red Hat Enterprise Linux 5.5 64bit (English),Symantec AntiVirus for Linux 1.0
IMG_3c4033_D2ZV2VZ1NPXC,Windows Server 2008 R2 EE 64bit (Japanese),Symantec Endpoint Protection 11.0 (Japanese)
IMG_3c4033_21W6PWNX2S,Windows Server 2008 R2 SE 64bit (Japanese),Symantec Endpoint Protection 11.0 (Japanese)
IMG_3c4033_N2C4149R474CN4,CentOS 5.6 32bit (English)
IMG_3c4033_R112FFE92IH66M8,CentOS 5.4 32bit
IMG_3c4033_J5BK2Z0038XS0,CentOS 5.4 64bit-en
IMG_3c4033_U8EN066L8R3PDKW,CentOS 5.4 64bit-en
IMG_3c4033_QIXOIZ2W1Q248W,Windows Server 2008 R2 SE 64bit (Japanese),Symantec Endpoint Protection 11.0 (Japanese)
IMG_3c4033_VGEIU2JS7QWRSAO,Windows Server 2008 R2 SE 64bit (Japanese),Symantec Endpoint Protection 11.0 (Japanese),SQLServer 2008 R2 EE (Japanese)
IMG_3c4033_5F54ZNA3KW,Windows Server 2008 R2 SE 64bit (Japanese),Symantec Endpoint Protection 11.0 (Japanese),NetVault Backup Client for Windows,NetVault Backup Microsoft SQL Server SE Plug-in,SQLServer 2008 R2 SE (Japanese)
IMG_3c4033_KAMEGMZ8Y3XTS,CentOS 5.4 64bit-en
IMG_3c4033_1Y1VS7XN2,Red Hat Enterprise Linux 5.7 64bit (Japanese),Symantec AntiVirus for Linux 1.0
IMG_3c4033_83CZT1YMQKG,CentOS 5.4 64bit-en
IMG_3c4033_H1AY1X13C3474,Red Hat Enterprise Linux 5.5 32bit (Japanese),Symantec AntiVirus for Linux 1.0
IMG_3c4033_X1V9NZBNRGI47B40,CentOS 5.4 32bit-en
IMG_3c4033_839WO4M4FSW,Windows Server 2003 R2 SE 32bit SP2 (Japanese),SQLServer 2008 SE SP1 (Japanese) with Support,Symantec Endpoint Protection 11.0 (Japanese)
IMG_3c4033_P9G05S8MY2UBK0,Windows Server 2008 R2 SE 64bit (Japanese) with Support,Symantec Endpoint Protection 11.0 (Japanese),Interstage Web Server
IMG_3c4033_U8CKQJXIQ4SQ9S0,CentOS 5.4 32bit
IMG_3c4033_R10T0P30CN682DC,Windows Server 2008 R2 SE 64bit (Japanese) with Support,Symantec Endpoint Protection 11.0 (Japanese),Internet Information Server 7.5
IMG_3c4033_N2CZ7RD8F1JOJK,CentOS 5.4 64bit-en
IMG_3c4033_FBODXMMOEB5S,Windows Server 2008 R2 EE 64bit (Japanese),Internet Information Server 7.5,Symantec Endpoint Protection 11.0 (Japanese)
IMG_3c4033_QIVV30YPRE169S,CentOS 5.4 32bit-en
IMG_3c4033_I2NR91WXDK9VK,CentOS 5.4 64bit-en
IMG_3c4033_D2ZR1X03TKHS,CentOS 5.4 64bit-en
IMG_3c4033_X1V498DAX5050ETC,Red Hat Enterprise Linux 5.7 64bit (Japanese),Symantec AntiVirus for Linux 1.0
IMG_3c4033_S22OZ3VHPP008OW,CentOS 5.4 32bit
IMG_3c4033_LL9CJC3VPEDC0,CentOS 6.0 64bit (English)
IMG_3c4033_BQ8DSTU1TZ4,Red Hat Enterprise Linux 5.5 64bit (English),Symantec AntiVirus for Linux 1.0
IMG_3c4033_N2CZ7P79YVG0ZK,CentOS 5.4 64bit-en
IMG_3c4033_S23NR1IP20GJ1TS,CentOS 5.4 64bit-en
IMG_3c4033_C1HGQGWKZ3EO,CentOS 5.4 32bit
IMG_3c4033_33ONBVDDXK,Windows Server 2008 R2 EE 64bit (Japanese) with Support,Symantec Endpoint Protection 11.0 (Japanese)
IMG_3c4033_96LO0G1YI9S,Red Hat Enterprise Linux 5.5 64bit (Japanese),Symantec AntiVirus for Linux 1.0
IMG_3c4033_X1VFO61WOTEE7LS0,Windows Server 2003 R2 SE 32bit SP2 (Japanese),Symantec Endpoint Protection 11.0 (Japanese)
IMG_3c4033_5EUFDT9V9C,CentOS 5.4 32bit
IMG_3c4033_LKVD1ARK0NVNK,CentOS 5.4 64bit
IMG_3c4033_6UAQGJGX1C,CentOS 5.4 64bit-en
IMG_3c4033_AD3MBE0JRWG,Windows Server 2003 R2 SE 32bit SP2 (Japanese),Symantec Endpoint Protection 11.0 (Japanese)
IMG_3c4033_0GQET9323,CentOS 5.4 32bit
IMG_3c4033_R11LQJ8LEFGSDMO,CentOS 5.4 32bit
IMG_3c4033_WXK45U0QDZ0IMTC,CentOS 5.4 64bit-en
IMG_3c4033_U8DNG2LJI60TW5C,CentOS 5.4 64bit-en
IMG_3c4033_O4NX1PJ9VHL9FK,CentOS 5.4 32bit
IMG_3c4033_QIEFXRJBIOUTC0,Windows Server 2003 R2 EE 32bit SP2 (Japanese) with Support,Symantec Endpoint Protection 11.0 (Japanese),Internet Information Server 6.0
IMG_3c4033_839WK087MDC,Windows Server 2003 R2 SE 32bit SP2 (Japanese) with Support,Symantec Endpoint Protection 11.0 (Japanese)
IMG_3c4033_J56BP44YN94W0,Windows Server 2003 R2 SE 32bit SP2 (Japanese),Symantec Endpoint Protection 11.0 (Japanese),SQLServer 2008 R2 SE (Japanese) with Support
IMG_3c4033_33POP56XN4,CentOS 5.4 64bit
IMG_3c4033_BR35KQ1ANSW,CentOS 5.4 64bit
IMG_3c4033_O4OA6ESWWEJ8JK,Red Hat Enterprise Linux 5.5 64bit (English),Symantec AntiVirus for Linux 1.0
IMG_3c4033_GNAFU791YNEO,Windows Server 2003 R2 SE 32bit SP2 (Japanese) with Support,Internet Information Server 6.0,Symantec Endpoint Protection 11.0 (Japanese)
IMG_3c4033_Z7HO1PM75ENGBCHS,CentOS 5.4 32bit
IMG_3c4033_FBZE3QCJP9MO,Windows Server 2008 R2 EE 64bit (Japanese),Symantec Endpoint Protection 11.0 (Japanese)
IMG_3c4033_83D01BGDJPC,CentOS 5.4 32bit-en
IMG_3c4033_GNAGHB75U3UO,Windows Server 2003 R2 SE 32bit SP2 (Japanese) with Support,Symantec Endpoint Protection 11.0 (Japanese),SQLServer 2008 R2 SE (Japanese)
IMG_3c4033_C1GG9LSPFR40,Windows Server 2003 R2 EE 32bit SP2 (Japanese) with Support,Symantec Endpoint Protection 11.0 (Japanese)
IMG_3c4033_0GWOKZ0R0,Windows Server 2008 R2 SE 64bit (Japanese) with Support,ARCserve Backup Base Suite,Symantec Endpoint Protection 11.0 (Japanese)
IMG_3c4033_Z7BRW8LD036XSE80,Red Hat Enterprise Linux 5.5 32bit (English),Symantec AntiVirus for Linux 1.0
IMG_3c4033_Y3MZNVBJ8HWJRDHC,Windows Server 2008 R2 SE 64bit (Japanese),Symantec Endpoint Protection 11.0 (Japanese),Interstage Application Server S-JE,Symfoware Server Client
IMG_3c4033_83CS32EUGHS,CentOS 5.4 64bit-en
IMG_3c4033_6TKFGALFI8,Windows Server 2008 R2 SE 64bit (English),SQLServer 2008 R2 SE (Japanese)
IMG_3c4033_H1BXT8XSA57NK,CentOS 5.6 64bit (English)
IMG_3c4033_33SHW8MUE0,CentOS 5.4 32bit
IMG_3c4033_Y3MV2WF5YB7VM8LC,Windows Server 2008 R2 EE 64bit (Japanese),Symantec Endpoint Protection 11.0 (Japanese)
IMG_3c4033_J5BK2DK04Z3EO,CentOS 5.4 32bit-en
IMG_3c4033_O4LMHQP66ZQ0HS,Windows Server 2008 R2 SE 64bit (Japanese),Symantec Endpoint Protection 11.0 (Japanese)
IMG_3c4033_C1H741YF7Y80,Windows Server 2008 R2 SE 32bit (Japanese) with Support,Symantec Endpoint Protection 11.0 (Japanese)
IMG_3c4033_P99U4H706CXIIO,Windows Server 2008 R2 SE 64bit (Japanese),Symantec Endpoint Protection 11.0 (Japanese)
IMG_3c4033_T484786DBSF0YYO,Red Hat Enterprise Linux 6.2 64bit (Japanese) SELinux on,Symantec AntiVirus for Linux 1.0
IMG_3c4033_Y3NCGWY93IS9SU0W,Windows Server 2008 R2 EE 64bit (Japanese) with Support,Symantec Endpoint Protection 11.0 (Japanese)
IMG_3c4033_Y3O4BSWNTGE5UE4G,CentOS 5.4 32bit
IMG_3c4033_X1UC5XQOLJEKNWG0,Windows Server 2008 R2 EE 64bit (Japanese) with Support,Symantec Endpoint Protection 11.0 (Japanese)
IMG_3c4033_H1C5LT5596FB4,CentOS 5.4 64bit
IMG_3c4033_H1BBAIINK9X4W,CentOS 5.4 32bit
IMG_3c4033_BQW0BZHT4AO,CentOS 5.4 32bit-en
IMG_3c4033_21UDY532KW,Windows Server 2003 R2 SE 32bit SP2 (Japanese),Symantec Endpoint Protection 11.0 (Japanese),Internet Information Server 6.0
IMG_3c4033_N2D4X6IP50AV40,CentOS 5.4 32bit-en
IMG_3c4033_E5U738NB6T4W,Windows Server 2008 R2 EE 64bit (Japanese),Symantec Endpoint Protection 11.0 (Japanese)
IMG_3c4033_FBY85N86NRB4,CentOS 5.4 32bit-en
IMG_3c4033_VGUVFP6P3N4D2WW,CentOS 5.4 32bit
IMG_3c4033_U8C8PFUB53G5JWG,Windows Server 2008 R2 SE 64bit (Japanese),ARCserve Backup Base Suite,Symantec Endpoint Protection 11.0 (Japanese)
IMG_3c4033_J5BGZQEXZWYYO,Red Hat Enterprise Linux 5.7 64bit (Japanese),NetVault Backup Client for Linux with Support,Symantec AntiVirus for Linux 1.0
IMG_3c4033_U86G3K843BG3SOW,Windows Server 2008 R2 SE 64bit (Japanese),Internet Information Server 7.5,Symantec Endpoint Protection 11.0 (Japanese)
IMG_3c4033_Y3N4DQPJ31XYYN7K,Firewall
IMG_3c4033_T45GPJ161HWU39C,Windows Server 2008 R2 EE 64bit (Japanese) with Support,Symantec Endpoint Protection 11.0 (Japanese)
IMG_3c4033_S23HE2K0KYUGZY8,Red Hat Enterprise Linux 5.7 32bit (Japanese),Symantec AntiVirus for Linux 1.0
IMG_3c4033_5F3U6B039C,Windows Server 2008 R2 SE 64bit (Japanese),Symantec Endpoint Protection 11.0 (Japanese)
IMG_3c4033_LLA1Y6Q45PIPS,CentOS 5.4 64bit-en
IMG_3c4033_BQVYGELJQ4G,CentOS 5.4 64bit-en
IMG_3c4033_N2CZ7Y28VWL3B4,CentOS 5.4 64bit-en
IMG_3c4033_6UGX21H4U8,Windows Server 2008 R2 SE 64bit (Japanese),Symantec Endpoint Protection 11.0 (Japanese)
IMG_3c4033_21W94OZID4,CentOS 5.4 32bit
IMG_3c4033_H1AQD1UTP7TVK,Red Hat Enterprise Linux 5.5 32bit (English),Symantec AntiVirus for Linux 1.0
IMG_3c4033_QIEASGVG59ZNR4,Firewall
IMG_3c4033_ADFZ8WWE41S,CentOS 5.4 64bit-en
IMG_3c4033_LKP9HWQ9SJNY8,Windows Server 2003 R2 EE 32bit SP2 (Japanese) with Support,SQLServer 2008 R2 SE (Japanese),Symantec Endpoint Protection 11.0 (Japanese)
IMG_3c4033_33SDER73Q8,CentOS 5.4 64bit-en
IMG_3c4033_P9CA0D64CGAJ9C,CentOS 5.6 32bit (English)
IMG_3c4033_J570P9O1BC7I8,Windows Server 2008 R2 SE 64bit (Japanese) with Support,Symantec Endpoint Protection 11.0 (Japanese)
IMG_3c4033_FBYWOBJQWPOG,CentOS 5.4 64bit-en
IMG_3c4033_5F3T0AWJWG,CentOS 5.6 64bit (English)
IMG_3c4033_5F5HNPQFLS,CentOS 5.4 32bit-en
IMG_3c4033_1Y3CUU8FY,CentOS 5.4 32bit
IMG_3c4033_6U8J4EKA4G,CentOS 5.4 64bit-en
IMG_3c4033_Y3QAAMVGO6WKKFLS,CentOS 5.4 64bit-en
IMG_3c4033_I2LL9PB093DHC,Windows Server 2003 R2 EE 32bit (Japanese)
IMG_3c4033_FBZGAX58NGN4,CentOS 5.6 64bit (English)
IMG_3c4033_33S49ZEJ88,CentOS 5.4 64bit-en
IMG_3c4033_839WMINJ1FK,Windows Server 2003 R2 SE 32bit SP2 (Japanese),Symantec Endpoint Protection 11.0 (Japanese),Internet Information Server 6.0
IMG_3c4033_I2M9WZ1EGA1VK,CentOS 5.5 64bit (Japanese)
IMG_3c4033_ADB68EGICJK,CentOS 5.4 32bit
IMG_3c4033_P97JS4C3GRUBCW,Windows Server 2003 R2 EE 32bit SP2 (Japanese) with Support,Internet Information Server 6.0,Symantec Endpoint Protection 11.0 (Japanese)
IMG_3c4033_C1HO0HATGWZK,CentOS 5.6 64bit (English)
IMG_3c4033_D2ZLMO6NQ2V4,CentOS 5.6 64bit (English)
IMG_3c4033_U86PPEQZK34X3I8,Windows Server 2003 R2 SE 32bit SP2 (Japanese),Symantec Endpoint Protection 11.0 (Japanese)
IMG_3c4033_R11R4CCAZ4AG3K0,Red Hat Enterprise Linux 5.7 64bit (Japanese),Symantec AntiVirus for Linux 1.0
IMG_3c4033_ADHI8ADKMIO,CentOS 5.4 32bit
IMG_3c4033_C1GJTQA54XKW,Windows Server 2008 R2 SE 64bit (Japanese),Symantec Endpoint Protection 11.0 (Japanese)
IMG_3c4033_I2NR9C0TJ6A68,CentOS 5.4 64bit-en
IMG_3c4033_6TI87U7KN4,Windows Server 2008 R2 SE 64bit (Japanese),Symfoware Server SE,Symantec Endpoint Protection 11.0 (Japanese)
IMG_3c4033_E5Z7KZZY8FSW,CentOS 5.6 64bit (English)
IMG_3c4033_E5ZGBU6EE0HS,CentOS 5.4 64bit-en
IMG_3c4033_T464536AX2W72F4,Windows Server 2008 R2 SE 64bit (Japanese),Symantec Endpoint Protection 11.0 (Japanese),ARCserve Backup Client Suite
IMG_3c4033_47EFG4WD40,Windows Server 2003 R2 SE 32bit SP2 (Japanese) with Support,Symantec Endpoint Protection 11.0 (Japanese),Internet Information Server 6.0
IMG_3c4033_71OLGTRG934,CentOS 5.4 64bit-en
IMG_3c4033_C1H77JT3J9XC,CentOS 5.6 32bit (English)
IMG_3c4033_D2ZJSWWS0JR4,CentOS 5.4 64bit-en
IMG_3c4033_GNI6R13REG3K,Red Hat Enterprise Linux 5.5 32bit (Japanese),Symantec AntiVirus for Linux 1.0
IMG_3c4033_KAG79KBJL5IWW,CentOS 5.4 32bit
IMG_3c4033_WXK4BX8QXY8ZZSW,Red Hat Enterprise Linux 5.7 64bit (Japanese),Symantec AntiVirus for Linux 1.0
IMG_3c4033_6TKINQ3J9C,Red Hat Enterprise Linux 5.5 32bit (English),Symantec AntiVirus for Linux 1.0
IMG_3c4033_I2LY8OWBRFEV4,CentOS 5.4 32bit
IMG_3c4033_VGSVVBT447R4M4G,CentOS 6.0 64bit (Japanese),OSS Web Platform(Tomcat/PostgreSQL)
IMG_3c4033_H1BS5LQ36ENEO,Red Hat Enterprise Linux 5.7 64bit (Japanese),Symantec AntiVirus for Linux 1.0
IMG_3c4033_P97KBYCT4DEOE8,Windows Server 2003 R2 SE 32bit SP2 (Japanese),Symantec Endpoint Protection 11.0 (Japanese),SQLServer 2008 SE SP1 (Japanese) with Support
IMG_3c4033_LLA8GPSPOTCE8,Windows Server 2008 R2 SE 64bit (Japanese),Symantec Endpoint Protection 11.0 (Japanese)
IMG_3c4033_33SCAGXW3S,CentOS 5.4 64bit-en
IMG_3c4033_C1GWOB5DM134,CentOS 5.4 32bit
IMG_3c4033_Y3QVALHU1CO8KHZ4,CentOS 6.0 32bit (English)
IMG_3c4033_1XA1VYRF4,CentOS 5.4 32bit
IMG_3c4033_U88QQSCI8KC3PJ4,CentOS 5.4 32bit
IMG_3c4033_I2N3QSL9IUCCG,CentOS 5.4 32bit
IMG_3c4033_Z7C8J93TJVLFU3GG,Windows Server 2003 R2 SE 32bit SP2 (Japanese),Symantec Endpoint Protection 11.0 (Japanese)
IMG_3c4033_S23NRBIL1PDN668,CentOS 5.4 64bit-en
IMG_3c4033_33S4AA4MIG,CentOS 5.4 64bit-en
IMG_3c4033_S23JGK3EN2BGNWG,CentOS 5.4 32bit-en
IMG_3c4033_O4Q9UQHRMT58N4,CentOS 5.4 32bit-en
IMG_3c4033_VGDFNNWPBZDYD4W,Windows Server 2003 R2 SE 32bit SP2 (Japanese) with Support,Symantec Endpoint Protection 11.0 (Japanese),SQLServer 2008 SE SP1 (Japanese)
IMG_3c4033_P9CA266JHJ3H1C,CentOS 5.6 32bit (English)
IMG_3c4033_33PNF3D6FC,Server Load Balancer
IMG_3c4033_6U8Y72MOU8,CentOS 5.4 64bit-en
IMG_3c4033_VGSAGYZJ60SK1DS,CentOS 5.4 64bit-en
IMG_3c4033_96NEUJDYRR4,Red Hat Enterprise Linux 5.5 64bit (English),Symantec AntiVirus for Linux 1.0
IMG_3c4033_KAIBWPAVRFUO0,CentOS 5.6 32bit (English)
IMG_3c4033_6UA7KQBPJ4,Windows Server 2008 R2 SE 64bit (Japanese),NetVault Backup Client for Windows,Internet Information Server 7.5,Symantec Endpoint Protection 11.0 (Japanese)
IMG_3c4033_KALWSQ99M8WE8,Red Hat Enterprise Linux 5.7 32bit stand JPN with Support
IMG_3c4033_KAH89WTX2AXVK,CentOS 5.6 32bit (English)
IMG_3c4033_X1US5HJFB2GYYEIO,Windows Server 2003 R2 SE 32bit SP2 (Japanese),Internet Information Server 6.0,Symantec Endpoint Protection 11.0 (Japanese)
IMG_3c4033_QIRIGZGHSEXZI8,Red Hat Enterprise Linux 5.7 64bit (English) with Support
IMG_3c4033_C1HJ4GULEEWW,CentOS 5.4 32bit
IMG_3c4033_D2X73KXJ9J40,Windows Server 2008 R2 SE 64bit (Japanese) with Support,SQLServer 2008 SE SP1 (Japanese) with Support,Symantec Endpoint Protection 11.0 (Japanese)
IMG_3c4033_P987W2PRWNO0LC,CentOS 5.4 32bit
IMG_3c4033_47L9F2FX4W,CentOS 5.6 64bit (English)
IMG_3c4033_ADFEQH99H4W,CentOS 5.6 64bit (English)
IMG_3c4033_BR31IGE41S0,CentOS 5.4 64bit
IMG_3c4033_X1V9NWPUAFV54ZY8,CentOS 5.4 64bit-en
IMG_3c4033_6UAZE0ZSAO,CentOS 5.4 64bit-en
IMG_3c4033_BQARK7VXDZ4,Windows Server 2008 R2 SE 64bit (Japanese) with Support,Symantec Endpoint Protection 11.0 (Japanese),Internet Information Server 7.5
IMG_3c4033_83AA22ZOD8G,CentOS 5.4 32bit
IMG_3c4033_P9FC4ILDA3X7NK,CentOS 5.6 64bit (English)
IMG_3c4033_Y3Q8HPDIT3OSQ3GG,Red Hat Enterprise Linux 5.7 64bit (Japanese),Symantec AntiVirus for Linux 1.0
IMG_3c4033_GNX0K91LUBR4,CentOS 6.0 32bit (English)
IMG_3c4033_LL1YPFJXQOOHS,CentOS 5.6 32bit (English)
IMG_3c4033_BQWWJMJK7WG,CentOS 6.0 64bit (Japanese),OSS Web Platform(PHP/PostgreSQL)
IMG_3c4033_6U6974QKCG,Red Hat Enterprise Linux 5.7 64bit (Japanese) with Support
IMG_3c4033_GO2SZRXOK4JK,Windows Server 2008 R2 SE 64bit (Japanese),Symantec Endpoint Protection 11.0 (Japanese)
IMG_3c4033_C1GIMG4VS6PS,Red Hat Enterprise Linux 5.5 64bit (Japanese),Symfoware Server SE,Symantec AntiVirus for Linux 1.0
IMG_3c4033_FBY1I2PQ1EYO,Red Hat Enterprise Linux 5.7 64bit (Japanese),Symantec AntiVirus for Linux 1.0
IMG_3c4033_T43RI9PO39TYUIO,Windows Server 2008 R2 EE 64bit (Japanese) with Support,SQLServer 2008 R2 SE (Japanese) with Support,Symantec Endpoint Protection 11.0 (Japanese)
IMG_3c4033_5F6Q1NZEO0,CentOS 5.4 32bit
IMG_3c4033_Y3QABYTVIZWUXMV4,CentOS 5.4 64bit-en
IMG_3c4033_GNWEN8UNS6PS,CentOS 5.4 64bit-en
IMG_3c4033_J57WJ8NIHIQKG,CentOS 5.4 32bit
IMG_3c4033_AD6CBCB08W0,Red Hat Enterprise Linux 5.5 32bit (Japanese),Symantec AntiVirus for Linux 1.0
IMG_3c4033_Z7GL79JU9USWRTVK,CentOS 5.4 32bit-en
IMG_3c4033_VGF1UZIO0QIE2V4,Windows Server 2008 R2 EE 64bit (Japanese) with Support,Symantec Endpoint Protection 11.0 (Japanese),Internet Information Server 7.5
IMG_3c4033_1XGTMI6FE,CentOS 5.4 32bit
IMG_3c4033_M16M5ACCV7THC0,CentOS 5.4 32bit
IMG_3c4033_1X94QJ0KO,Windows Server 2008 R2 EE 64bit (Japanese),SQLServer 2008 R2 EE (Japanese),Symantec Endpoint Protection 11.0 (Japanese)
IMG_3c4033_P988DCLP4N5UDC,Windows Server 2003 R2 SE 32bit SP2 (Japanese)
IMG_3c4033_AD72NZQVJSW,CentOS 5.4 32bit
IMG_3c4033_33QWFOZQXC,CentOS 5.4 32bit
IMG_3c4033_H1C096G9RQCCG,CentOS 5.4 32bit
IMG_3c4033_FBNQ0I216Z28,Red Hat Enterprise Linux 5.5 32bit (English),Symantec AntiVirus for Linux 1.0
IMG_3c4033_GNM1GUZ6445C,CentOS 5.4 32bit
IMG_3c4033_M162IZS49EQXVK,CentOS 5.4 32bit
IMG_3c4033_Y3R7L5CJ2UMZ24U8,Red Hat Enterprise Linux 6.2 32bit (Japanese),Symantec AntiVirus for Linux 1.0
IMG_3c4033_33PQI4OOMO,Windows Server 2008 R2 SE 32bit (Japanese) with Support,Symantec Endpoint Protection 11.0 (Japanese)
IMG_3c4033_96KP1I2C4XS,Windows Server 2008 R2 SE 64bit (Japanese) with Support,Symantec Endpoint Protection 11.0 (Japanese),SQLServer 2008 R2 SE (Japanese) with Support
IMG_3c4033_0GKVY1J5P,Windows Server 2003 R2 EE 32bit (Japanese),SQLServer 2008 R2 SE (Japanese) with Support,Symantec Endpoint Protection 11.0 (Japanese)
IMG_3c4033_D2WTOCG3L1XC,CentOS 5.4 32bit-en
IMG_3c4033_N2CWTFC6ABR400,Red Hat Enterprise Linux 5.7 64bit (Japanese),Symantec AntiVirus for Linux 1.0
IMG_3c4033_I2LVP8JFT5KHS,CentOS 5.4 64bit
IMG_3c4033_I2MLZ3FBRFUO0,Server Load Balancer
IMG_3c4033_21UDW5Q19O,Windows Server 2003 R2 EE 32bit (Japanese),Symantec Endpoint Protection 11.0 (Japanese)
IMG_3c4033_I2L941QA5AN0G,Windows Server 2003 R2 SE 32bit SP2 (Japanese),Symantec Endpoint Protection 11.0 (Japanese),SQLServer 2008 R2 SE (Japanese) with Support
IMG_3c4033_D2YHV19Y3X1C,CentOS 5.4 32bit
IMG_3c4033_I2NIXYBBYSMPS,Red Hat Enterprise Linux 5.7 64bit (Japanese) SELinux on,Symantec AntiVirus for Linux 1.0
IMG_3c4033_X1VBVBH7G8H2MYV4,CentOS 6.0 64bit (English)
IMG_3c4033_E5X6QBY34RNK,Red Hat Enterprise Linux 5.5 64bit (English),Symantec AntiVirus for Linux 1.0
IMG_3c4033_5ESJRVH9VK,Windows Server 2008 R2 EE 64bit (Japanese) with Support,SQLServer 2008 SE SP1 (Japanese) with Support,Symantec Endpoint Protection 11.0 (Japanese)
IMG_3c4033_U8FJ5CSSN38J474,Windows Server 2008 R2 SE 64bit (Japanese) with Support,Symantec Endpoint Protection 11.0 (Japanese),ARCserve Backup Base Suite
IMG_3c4033_I2NLMSFYFKUTC,CentOS 5.4 64bit-en
IMG_3c4033_33SHYJMBJK,Red Hat Enterprise Linux 5.7 32bit (Japanese),Symantec AntiVirus for Linux 1.0
IMG_3c4033_0H03BJ6FV,Red Hat Enterprise Linux 5.7 32bit (Japanese),Symantec AntiVirus for Linux 1.0
IMG_3c4033_BQVYJ8NCV7K,CentOS 5.4 64bit-en
IMG_3c4033_Z7BET79J0TO0T8G0,Windows Server 2008 R2 SE 64bit (Japanese) with Support,IBM DB2 9.7.301.326 fP 3a,Symantec Endpoint Protection 11.0 (Japanese)
IMG_3c4033_96K3IJ88E80,Red Hat Enterprise Linux 5.5 64bit (English),Symantec AntiVirus for Linux 1.0
IMG_3c4033_ADFSJDHEEWW,Red Hat Enterprise Linux 5.7 64bit (Japanese),Symantec AntiVirus for Linux 1.0
IMG_3c4033_T47CQNKTHLP3J0G,CentOS 5.4 32bit-en
IMG_3c4033_6UAQA5YPJ4,CentOS 5.4 64bit-en
IMG_3c4033_33SCAO380G,CentOS 5.4 64bit-en
IMG_3c4033_X1VEF2L2JRIBFLZ4,CentOS 5.6 32bit (English)
IMG_3c4033_1XUH0ITNS,Red Hat Enterprise Linux 5.5 64bit (English),Symantec AntiVirus for Linux 1.0
IMG_3c4033_R11OWYEJVLNG074,CentOS 5.4 64bit-en
IMG_3c4033_21WCG8WYCG,Windows Server 2008 R2 SE 64bit (Japanese) with Support,Symantec Endpoint Protection 11.0 (Japanese),ARCserve Backup Base Suite
IMG_3c4033_C1I02LB3TEYO,Windows Server 2008 R2 SE 64bit (Japanese) with Support,ARCserve Backup Base Suite,Symantec Endpoint Protection 11.0 (Japanese)
IMG_3c4033_I2MQE4RJOTKAO,CentOS 5.4 64bit-en
IMG_3c4033_I2MB2XMVJX3PC,CentOS 5.6 64bit (English)
IMG_3c4033_5ER7F0IVI8,Red Hat Enterprise Linux 5.5 32bit (English),Symantec AntiVirus for Linux 1.0
IMG_3c4033_O4PYH1YC7WQVWG,CentOS 5.4 64bit-en
IMG_3c4033_71N4ULLEFWG,Windows Server 2003 R2 SE 32bit SP2 (Japanese),SQLServer 2008 R2 SE (Japanese)
IMG_3c4033_C1HPMUQT52BK,CentOS 5.6 64bit (English)
IMG_3c4033_E5YXYP1SUTC0,Red Hat Enterprise Linux 5.7 64bit (Japanese),Symantec AntiVirus for Linux 1.0
IMG_3c4033_AD50TUL3GN4,Windows Server 2008 R2 EE 64bit (Japanese),Symantec Endpoint Protection 11.0 (Japanese)
IMG_3c4033_Z7H2OIGOFPWP69S0,CentOS 5.4 32bit-en
IMG_3c4033_ADFZBEC8MIO,CentOS 5.4 64bit-en
IMG_3c4033_J56C1O37CJCW0,Windows Server 2008 R2 SE 64bit (Japanese) with Support,Symantec Endpoint Protection 11.0 (Japanese),SQLServer 2008 R2 SE (Japanese) with Support
IMG_3c4033_FBXOXRVDL3WG,CentOS 5.6 64bit (English)
IMG_3c4033_33S4A6LMCW,CentOS 5.4 64bit-en
IMG_3c4033_33SDFPPE8O,CentOS 5.4 32bit
IMG_3c4033_GNY0BBLT181S,CentOS 5.4 32bit-en
IMG_3c4033_Z7BELFP50HK2KVSW,CentOS 5.4 32bit
IMG_3c4033_M16S75JCG3SLQ8,CentOS 5.4 32bit
IMG_3c4033_1Y14UF1BG,CentOS 5.4 32bit-en
IMG_3c4033_I2L919LH4L43K,Windows Server 2003 R2 EE 32bit SP2 (Japanese) with Support,Symantec Endpoint Protection 11.0 (Japanese),SQLServer 2008 SE SP1 (Japanese)
IMG_3c4033_E5WVXDC83474,CentOS 5.4 32bit
IMG_3c4033_D2YHMDOYQRK0,CentOS 5.4 32bit
IMG_3c4033_FBNLYT1V26F4,Windows Server 2003 R2 SE 32bit SP2 (Japanese) with Support,Symantec Endpoint Protection 11.0 (Japanese),Internet Information Server 6.0
IMG_3c4033_KAF1L3KQO4KCG,CentOS 5.4 32bit
IMG_3c4033_VGHDF7J1TNZXZB4,CentOS 5.4 32bit
IMG_3c4033_33ORNCF7NS,Windows Server 2003 R2 SE 32bit SP2 (Japanese) with Support,SQLServer 2008 R2 SE (Japanese),Symantec Endpoint Protection 11.0 (Japanese)
IMG_3c4033_FBOIB1XT2JGG,Windows Server 2003 R2 EE 32bit (Japanese)
IMG_3c4033_0GX8HKBHS,CentOS 5.4 32bit
IMG_3c4033_BQT201T1NUO,CentOS 5.4 32bit
IMG_3c4033_I2MNW4KI4GFSW,CentOS 5.4 32bit
IMG_3c4033_33S49VZDZC,CentOS 5.4 64bit-en
IMG_3c4033_FBYWMQGR0WLC,CentOS 5.4 64bit-en
IMG_3c4033_47E3QXH32O,Windows Server 2003 R2 SE 32bit SP2 (Japanese)
IMG_3c4033_GNWGD68BHBLS,CentOS 5.4 32bit-en
IMG_3c4033_5F3L0CO7Z4,CentOS 5.4 64bit-en
IMG_3c4033_M16HM3K2YQUJGG,CentOS 5.4 64bit-en
IMG_3c4033_BQXEN2QQOE8,Red Hat Enterprise Linux 5.7 64bit (Japanese),Symantec AntiVirus for Linux 1.0,NetVault Backup Server for Linux with Support,NetVault Backup SmartDisk for Linux with Support
IMG_3c4033_96Q03VWFHFK,Windows Server 2003 R2 SE 32bit SP2 (Japanese) with Support,Symantec Endpoint Protection 11.0 (Japanese)
IMG_3c4033_VGTXUKYRA5P0ZCW,Windows Server 2008 R2 SE 64bit (Japanese),Symantec Endpoint Protection 11.0 (Japanese)
IMG_3c4033_WX12BLSZ694HOU8,Red Hat Enterprise Linux 5.5 64bit (Japanese),Symantec AntiVirus for Linux 1.0
IMG_3c4033_83BP7N8O2YO,Windows Server 2008 R2 EE 64bit (Japanese) with Support,Symantec Endpoint Protection 11.0 (Japanese)
IMG_3c4033_Y3R9PAZUK69N1YIO,Windows Server 2008 R2 SE 64bit (Japanese),Symantec Endpoint Protection 11.0 (Japanese)
IMG_3c4033_N2CY2FVML7NWN4,Red Hat Enterprise Linux 5.7 64bit (Japanese),Symantec AntiVirus for Linux 1.0
IMG_3c4033_Z7A90M142ZY0Q134,Server Load Balancer
IMG_3c4033_47K8JRK8N4,CentOS 5.4 64bit-en
IMG_3c4033_WXKKYTALPAD9A0W,CentOS 5.4 64bit-en
IMG_3c4033_BQ848BLNVGG,Windows Server 2003 R2 SE 32bit SP2 (Japanese) with Support,Symantec Endpoint Protection 11.0 (Japanese)
IMG_3c4033_GNA8428XUWAO,CentOS 5.4 64bit
IMG_3c4033_0GZQJEV25,Red Hat Enterprise Linux 5.7 64bit simple JPN with Support
IMG_3c4033_E60HTQ5Y6Q68,CentOS 6.2 32bit (English)
IMG_3c4033_U8AXFO2CVPWP69S,CentOS 5.6 32bit (English)
IMG_3c4033_47KQSLKNPC,CentOS 5.4 32bit-en
IMG_3c4033_6UC3Y7EJNK,CentOS 5.6 64bit (English)
IMG_3c4033_FBY850BUAAYO,CentOS 5.4 32bit-en
IMG_3c4033_J5AV258P2I874,CentOS 5.4 64bit-en
IMG_3c4033_U8C8C19RCSZ3KZK,Windows Server 2008 R2 SE 64bit (Japanese) with Support,ARCserve Backup Client Suite,Symantec Endpoint Protection 11.0 (Japanese)
IMG_3c4033_N2B2D91Q6154OW,Windows Server 2008 R2 SE 64bit (English),SQLServer 2008 R2 SE (Japanese)
IMG_3c4033_N2C4WYK8LAYRY8,CentOS 5.4 32bit
IMG_3c4033_T464DJWLT1T2W3K,Windows Server 2008 R2 SE 64bit (Japanese) with Support,Symantec Endpoint Protection 11.0 (Japanese),ARCserve Backup Base Suite
IMG_3c4033_O4QGKJBGY8BUO0,CentOS 5.4 32bit
IMG_3c4033_1Y12HW0N0,CentOS 5.4 64bit-en
IMG_3c4033_VGEN6Q9JCEU7YF4,Windows Server 2008 R2 SE 64bit (Japanese),SQLServer 2008 R2 SE (Japanese)
IMG_3c4033_E6015AT37Y80,Windows Server 2008 R2 SE 64bit (Japanese) with Support,ARCserve Backup Base Suite,Symantec Endpoint Protection 11.0 (Japanese)
IMG_3c4033_X1V48UM813HG7VNK,Red Hat Enterprise Linux 5.7 64bit (Japanese),Symantec AntiVirus for Linux 1.0
IMG_3c4033_I2NLM8E8ONQWW,CentOS 5.4 64bit-en
IMG_3c4033_0H1A7UP9P,Windows Server 2008 R2 SE 64bit (Japanese) with Support,NetVault Backup Microsoft SQL Server SE Plug-in with Support,Symantec Endpoint Protection 11.0 (Japanese),SQLServer 2008 SE SP1 (Japanese) with Support,NetVault Backup Client for Windows with Support
IMG_3c4033_71N2XUGAUBK,Red Hat Enterprise Linux 5.5 64bit (Japanese),Symantec AntiVirus for Linux 1.0,Interstage Application Server S-JE,Symfoware Server Client
IMG_3c4033_21UJ5O6KFK,Windows Server 2008 R2 EE 64bit (Japanese),Symantec Endpoint Protection 11.0 (Japanese)
IMG_3c4033_Z7H2O12RIXFETJ40,CentOS 5.4 64bit-en
IMG_3c4033_D2ZK166KWF0G,CentOS 5.4 32bit-en
IMG_3c4033_T472LOSY79F88HS,CentOS 5.4 64bit-en
IMG_3c4033_33SDF94HL4,CentOS 5.4 64bit-en
IMG_3c4033_H1BO42PE5GLXC,fujitsu-vcis 20120214
IMG_3c4033_71OKJITUZR4,Windows Server 2008 R2 SE 64bit (Japanese) with Support,NetVault Backup SmartDisk for Windows with Support,Symantec Endpoint Protection 11.0 (Japanese),NetVault Backup Server for Windows with Support
IMG_3c4033_71NUPYY2ZUO,Windows Server 2008 R2 EE 64bit (Japanese) with Support,Symantec Endpoint Protection 11.0 (Japanese)
IMG_3c4033_96KWJ625ATC,Windows Server 2003 R2 SE 32bit SP2 (Japanese),Internet Information Server 6.0
IMG_3c4033_5ES2DLCG0W,Windows Server 2008 R2 SE 64bit (Japanese),SQLServer 2008 EE SP1 (Japanese),Symantec Endpoint Protection 11.0 (Japanese)
IMG_3c4033_0H1ODQVJF,CentOS 5.4 64bit-en
IMG_3c4033_21VZ9DYDEW,Red Hat Enterprise Linux 5.5 64bit (Japanese),Symantec AntiVirus for Linux 1.0
IMG_3c4033_GNM3JKRM5FK0,Windows Server 2008 R2 SE 64bit (Japanese),SQLServer 2008 R2 SE (Japanese),Symantec Endpoint Protection 11.0 (Japanese)
IMG_3c4033_VGL1WSQD2ZWV0G0,Windows Server 2008 R2 SE 64bit (Japanese) with Support,Symantec Endpoint Protection 11.0 (Japanese)
IMG_3c4033_J58AEBEP76YO0,CentOS 5.4 64bit
IMG_3c4033_R113CGSN904JWN4,CentOS 5.4 32bit
IMG_3c4033_P9HD9IXZ671UKG,Red Hat Enterprise Linux 5.5 64bit (English),Symantec AntiVirus for Linux 1.0
IMG_3c4033_1Y0UE71WU,Windows Server 2008 R2 SE 64bit (Japanese) with Support,Symantec Backup Exec 2010 R3 (Japanese) with Support,Symantec Endpoint Protection 11.0 (Japanese)
IMG_3c4033_839WW4V16V4,Windows Server 2008 R2 SE 64bit (Japanese) with Support,SQLServer 2008 SE SP1 (Japanese) with Support,Symantec Endpoint Protection 11.0 (Japanese)
IMG_3c4033_N2C4U9OZL60TMO,CentOS 5.4 32bit
IMG_3c4033_C1HNVGZDVTHC,CentOS 5.4 64bit-en
IMG_3c4033_Z7GYEJWH1O0H4ZY8,Red Hat Enterprise Linux 5.7 64bit (Japanese),Symantec AntiVirus for Linux 1.0,NetVault Backup Client for Linux with Support
IMG_3c4033_O4PW3BKVDLSU0W,CentOS 5.4 64bit-en
IMG_3c4033_T464B78DCFTWIRK,Windows Server 2008 R2 SE 64bit (Japanese) with Support,ARCserve Backup Client Suite,Symantec Endpoint Protection 11.0 (Japanese)
IMG_3c4033_QIYRK4EWYO2A68,Windows Server 2008 R2 SE 64bit (Japanese) with Support,Symantec Endpoint Protection 11.0 (Japanese),ARCserve Backup Base Suite
IMG_3c4033_H1BW0H7X995A8,CentOS 5.4 32bit-en
IMG_3c4033_0GN4SUGAC,Windows Server 2008 R2 SE 64bit (Japanese) with Support,SQLServer 2008 R2 EE (Japanese) with Support,Symantec Endpoint Protection 11.0 (Japanese)
IMG_3c4033_VGEI8FXX2LQT8U8,Windows Server 2008 R2 EE 64bit (Japanese),SQLServer 2008 SE SP1 (Japanese),Symantec Endpoint Protection 11.0 (Japanese)
IMG_3c4033_Y3OP9F0941OI35DS,CentOS 5.4 32bit
IMG_3c4033_FBNG2TICE77K,Red Hat Enterprise Linux 5.5 32bit (Japanese),Symantec AntiVirus for Linux 1.0
IMG_3c4033_R11XDWGEANIM800,Windows Server 2008 R2 SE 64bit (Japanese) with Support,ARCserve Backup Base Suite,Symantec Endpoint Protection 11.0 (Japanese)
IMG_3c4033_P9GGX6E2DNC1Z4,CentOS 5.4 64bit-en
IMG_3c4033_X1V9O135P5C5LX4W,CentOS 5.4 32bit-en
IMG_3c4033_47KB87VFLS,Windows Server 2008 R2 SE 64bit (Japanese) with Support,SQLServer 2008 R2 SE (Japanese) with Support,Interstage Business Operations Platform,Symantec Endpoint Protection 11.0 (Japanese)
IMG_3c4033_I2NJ5MDNWYVI8,Red Hat Enterprise Linux 5.7 32bit (Japanese),Symantec AntiVirus for Linux 1.0
IMG_3c4033_5F4U0M0ZTS,Red Hat Enterprise Linux 5.7 32bit (Japanese),Symantec AntiVirus for Linux 1.0
IMG_3c4033_LKV4RG46P5VK0,CentOS 5.4 32bit
IMG_3c4033_Z7E67QYS8978FCAO,CentOS 5.4 32bit
IMG_3c4033_C1HGPKLW2FPC,Red Hat Enterprise Linux 5.7 64bit (English) with Support
IMG_3c4033_71ORW061F9C,Windows Server 2008 R2 SE 64bit (Japanese) with Support,ARCserve Backup Base Suite,Symantec Endpoint Protection 11.0 (Japanese)
IMG_3c4033_33SDEXUVV4,Red Hat Enterprise Linux 5.7 32bit (Japanese),Symantec AntiVirus for Linux 1.0
IMG_3c4033_X1UFATJEB9BFH5A8,Red Hat Enterprise Linux 5.5 64bit (English),Symantec AntiVirus for Linux 1.0
IMG_3c4033_X1V7YW099K3GLSLC,Windows Server 2008 R2 SE 64bit (Japanese) with Support,Symantec Endpoint Protection 11.0 (Japanese),NetVault Backup Client for Windows with Support,Internet Information Server 7.5
IMG_3c4033_LLBL9LLNHQPDS,CentOS 5.6 32bit (English)
IMG_3c4033_N2CZE043O1CDFK,CentOS 5.4 32bit-en
IMG_3c4033_R10XA28HQ5Q988W,Red Hat Enterprise Linux 5.5 64bit (Japanese),Symantec AntiVirus for Linux 1.0
IMG_3c4033_Y3N84AYPPOF5OKQO,Windows Server 2008 R2 SE 64bit (Japanese),Internet Information Server 7.5,Symantec Endpoint Protection 11.0 (Japanese)
IMG_3c4033_KACO0W8IRGU80,Windows Server 2008 R2 SE 64bit (Japanese),Symantec Endpoint Protection 11.0 (Japanese),SQLServer 2008 R2 SE (Japanese)
IMG_3c4033_WXGQ0R3P0ERRTA8,CentOS 5.4 32bit
IMG_3c4033_21VD5W9LL4,CentOS 5.6 32bit (English)
IMG_3c4033_71OQRZ4YY68,CentOS 5.4 32bit
IMG_3c4033_6TN1X9TO00,Red Hat Enterprise Linux 5.5 32bit (Japanese),Symantec AntiVirus for Linux 1.0
IMG_3c4033_P98MFZYCGOVH1C,Windows Server 2003 R2 SE 32bit SP2 (Japanese),Symantec Endpoint Protection 11.0 (Japanese),Internet Information Server 6.0
IMG_3c4033_FBPX4FZW4XS0,CentOS 5.4 32bit
IMG_3c4033_47KQTEK7QO,CentOS 5.4 32bit-en
IMG_3c4033_KAN44OAR4DFK0,CentOS 5.4 32bit-en
IMG_3c4033_1Y3CR9ILY,CentOS 5.4 32bit-en
IMG_3c4033_D2X4LUMYXE68,Windows Server 2003 R2 SE 32bit SP2 (Japanese),Internet Information Server 6.0
IMG_3c4033_5F5D5VKOTC,CentOS 5.4 64bit-en
IMG_3c4033_Z7GKMJSL9NQNJXMO,CentOS 5.4 64bit-en
IMG_3c4033_21UC0XU3ES,CentOS 5.4 32bit
IMG_3c4033_VGTF265DHMHGPVK,Red Hat Enterprise Linux 5.7 32bit (Japanese),Symantec AntiVirus for Linux 1.0
IMG_3c4033_GNIN7GBMPSSG,CentOS 5.4 32bit
IMG_3c4033_GNAAG102F01S,Red Hat Enterprise Linux 5.5 64bit (Japanese),Symantec Endpoint Protection 11.0 (Japanese)
IMG_3c4033_33QO4999CW,Windows Server 2008 R2 EE 64bit (Japanese) with Support,Symantec Endpoint Protection 11.0 (Japanese)
IMG_3c4033_T44GTFA54P140E8,CentOS 5.4 32bit
IMG_3c4033_AD3LL8WY5FK,Windows Server 2003 R2 EE 32bit (Japanese),Symantec Endpoint Protection 11.0 (Japanese)
IMG_3c4033_71O6C90UN7K,Windows Server 2008 R2 SE 64bit (Japanese) with Support,Symantec Endpoint Protection 11.0 (Japanese),ARCserve Backup Base with SQL Suite,SQLServer 2008 R2 SE (Japanese) with Support
IMG_3c4033_VGLI2RAEO7HF7CW,CentOS 5.4 32bit
IMG_3c4033_47JWYRO8GW,CentOS 5.6 64bit (English)
IMG_3c4033_KAIYGY59GK64G,Red Hat Enterprise Linux 5.5 64bit (English),Symantec AntiVirus for Linux 1.0
IMG_3c4033_6UAZC02EKG,CentOS 5.4 32bit-en
IMG_3c4033_47HJ7EAL1S,CentOS 5.4 32bit
IMG_3c4033_Y3QDHF4N4TQFV1FK,Red Hat Enterprise Linux 5.7 32bit (Japanese),Symantec AntiVirus for Linux 1.0
IMG_3c4033_83CZSYS7MDC,CentOS 5.4 64bit-en
IMG_3c4033_H1AQ7TDZ2Y2O0,Windows Server 2008 R2 EE 64bit (Japanese),Symantec Endpoint Protection 11.0 (Japanese)
IMG_3c4033_83A8JQE1OG0,Windows Server 2008 R2 SE 64bit (Japanese),SQLServer 2008 SE SP1 (Japanese),Symantec Endpoint Protection 11.0 (Japanese)
IMG_3c4033_83DGG9K3VUO,CentOS 5.6 64bit (English)
IMG_3c4033_KAMEIW0TY2V40,CentOS 5.4 64bit-en
IMG_3c4033_83D01OC1T6O,CentOS 5.4 32bit-en
IMG_3c4033_83AAIIW40SG,Red Hat Enterprise Linux 5.5 64bit (English),Symantec AntiVirus for Linux 1.0
IMG_3c4033_S21NAVRHPMH0KCG,Red Hat Enterprise Linux 5.5 32bit (Japanese),Symantec AntiVirus for Linux 1.0
IMG_3c4033_H1BW0S0T4RYM8,CentOS 5.4 64bit-en
IMG_3c4033_FBVI3M4AFHFK,Windows Server 2008 R2 SE 64bit (Japanese) with Support,Symantec Endpoint Protection 11.0 (Japanese),ARCserve Backup Base with SQL Suite,SQLServer 2008 R2 SE (Japanese) with Support
IMG_3c4033_R11U6X903I0VAPS,CentOS 5.4 64bit-en
IMG_3c4033_J57NPFQ45FC3K,CentOS 5.4 32bit
IMG_3c4033_I2NS1K1MGW000,CentOS 5.4 64bit-en
IMG_3c4033_BQW0ETUK1S0,CentOS 5.4 32bit-en
IMG_3c4033_71NF0LZTSZK,Red Hat Enterprise Linux 5.5 64bit (English),Symantec AntiVirus for Linux 1.0
IMG_3c4033_N2DLYRT5XOJY80,Windows Server 2008 R2 SE 64bit (Japanese),Symantec Endpoint Protection 11.0 (Japanese)
IMG_3c4033_1X5R7U75I,Windows Server 2003 R2 EE 32bit SP2 (Japanese) with Support,SQLServer 2008 SE SP1 (Japanese),Symantec Endpoint Protection 11.0 (Japanese)
IMG_3c4033_47LEY2OT4G,CentOS 5.4 32bit
IMG_3c4033_T437KJL49O3320W,Windows Server 2003 R2 EE 32bit (Japanese),Internet Information Server 6.0,Symantec Endpoint Protection 11.0 (Japanese)
IMG_3c4033_D2X5ATEAN94W,Red Hat Enterprise Linux 5.5 32bit (Japanese),Symantec AntiVirus for Linux 1.0
IMG_3c4033_H1C02AXVAMVPC,CentOS 5.4 32bit
IMG_3c4033_E5WSUIMFMM0W,CentOS 5.6 32bit (English)
IMG_3c4033_S23I98PJV9XXF5S,CentOS 5.4 64bit-en
IMG_3c4033_P978LVB7CSZU9S,Windows Server 2003 R2 SE 32bit SP2 (Japanese) with Support,SQLServer 2008 SE SP1 (Japanese),Symantec Endpoint Protection 11.0 (Japanese)
IMG_3c4033_1XH7JLG08,CentOS 5.4 32bit
IMG_3c4033_WXKNAAAL0FXU1HC,CentOS 5.4 32bit-en
IMG_3c4033_M15PV8IHB0VG8W,Firewall
IMG_3c4033_71OHUSV39FK,CentOS 5.4 64bit-en
IMG_3c4033_S23R7HX2TJBUC5C,Windows Server 2008 R2 EE 64bit (Japanese),Symantec Endpoint Protection 11.0 (Japanese)
IMG_3c4033_83AXTN5NCOW,CentOS 5.4 32bit
IMG_3c4033_E5Z426HOJV28,CentOS 5.4 32bit-en
IMG_3c4033_KAN453V19GVEO,CentOS 5.4 64bit-en
IMG_3c4033_QIX3E04TZ3CGZK,Windows Server 2008 R2 SE 64bit (Japanese),Symantec Endpoint Protection 11.0 (Japanese)
IMG_3c4033_ADHI8P0CLJ4,CentOS 5.4 32bit
IMG_3c4033_21UC2N5WX4,CentOS 5.4 64bit-en
IMG_3c4033_C1HXAKACEQ68,Windows Server 2003 R2 SE 32bit SP2 (Japanese),Symantec Endpoint Protection 11.0 (Japanese)
IMG_3c4033_21W65332Y4,CentOS 5.4 64bit-en
IMG_3c4033_E60P9EXG9DDS,CentOS 5.4 64bit
IMG_3c4033_83D7XNAEMM8,CentOS 5.4 64bit-en
IMG_3c4033_21VYA7M5JG,Red Hat Enterprise Linux 5.5 64bit (Japanese),Symantec AntiVirus for Linux 1.0
IMG_3c4033_LL9C80NE4PE68,Red Hat Enterprise Linux 5.7 64bit (Japanese) SELinux on,Symantec AntiVirus for Linux 1.0
IMG_3c4033_H1B9HGKPAIVWG,CentOS 5.4 32bit
IMG_3c4033_5F49KLRPJ4,CentOS 5.4 64bit-en
IMG_3c4033_H1BTY4Z8HL2BK,Red Hat Enterprise Linux 5.7 64bit (Japanese),Symantec AntiVirus for Linux 1.0
IMG_3c4033_M15SWR29TT76YO,CentOS 5.4 32bit
IMG_3c4033_5F8GJOKQO0,CentOS 5.4 64bit
IMG_3c4033_FBQW982QSYKG,Red Hat Enterprise Linux 5.5 64bit (English)
IMG_3c4033_QIEU4EM9JC4IRK,Red Hat Enterprise Linux 5.5 64bit (Japanese),Symantec AntiVirus for Linux 1.0
IMG_3c4033_83B1I690MWW,Windows Server 2003 R2 SE 32bit SP2 (Japanese),Symantec Endpoint Protection 11.0 (Japanese)
IMG_3c4033_I2LZ53AH5HON4,CentOS 5.4 32bit
IMG_3c4033_5F4227NEYO,Red Hat Enterprise Linux 5.7 32bit (Japanese),Symantec AntiVirus for Linux 1.0
IMG_3c4033_FBTLMQYEH9FK,Red Hat Enterprise Linux 5.5 64bit (English),Symantec AntiVirus for Linux 1.0
IMG_3c4033_LL8SXV656GPOG,CentOS 5.4 64bit-en
IMG_3c4033_BQVYFQLW0LC,CentOS 5.4 64bit-en
IMG_3c4033_96PW9BV0HZ4,CentOS 5.4 64bit-en
IMG_3c4033_0GX8GMAPW,CentOS 5.4 32bit
IMG_3c4033_BQVYIJAS3R4,CentOS 5.4 64bit-en
IMG_3c4033_QIVU1BXOP7RUV4,CentOS 5.4 32bit-en
IMG_3c4033_X1UFAZ2RHGWVF3SW,CentOS 5.6 32bit (English)
IMG_3c4033_D2ZJUNVXP1C0,CentOS 5.4 64bit-en
IMG_3c4033_LLAW3CGQZFX1C,Windows Server 2008 R2 SE 64bit (Japanese),Symantec Endpoint Protection 11.0 (Japanese)
IMG_3c4033_Z7H2N63VIP3ETSLC,CentOS 5.4 32bit-en
IMG_3c4033_FBY85YDFB1MO,CentOS 5.4 32bit-en
IMG_3c4033_J5B79L17KUDJ4,CentOS 5.4 64bit-en
IMG_3c4033_21W6P77DGC,CentOS 5.4 32bit-en
IMG_3c4033_21V0SOWTIW,Windows Server 2008 R2 SE 64bit (English),Symantec Endpoint Protection 11.0 (English)
IMG_3c4033_6TM28OCE80,Windows Server 2003 R2 SE 32bit SP2 (Japanese)
IMG_3c4033_X1V48GYHDC3IGIKG,Red Hat Enterprise Linux 5.7 64bit (Japanese),Symantec AntiVirus for Linux 1.0
IMG_3c4033_839WSZ8F0N4,Windows Server 2008 R2 SE 64bit (Japanese) with Support,Symantec Endpoint Protection 11.0 (Japanese)
IMG_3c4033_N2AW1QQ0K11HJ4,Windows Server 2008 R2 EE 64bit (Japanese) with Support,Symantec Endpoint Protection 11.0 (Japanese)
IMG_3c4033_BQJJ52OIAYO,Red Hat Enterprise Linux 5.5 32bit (English),Symantec AntiVirus for Linux 1.0
IMG_3c4033_C1HTT4XOU1OG,CentOS 6.0 64bit (Japanese),OSS Web Platform(PHP/MySQL)
IMG_3c4033_6UH270CLS0,CentOS 5.4 64bit
IMG_3c4033_QIWXMFAQGCTLVK,CentOS 5.4 32bit-en
IMG_3c4033_C1HLRUYPX3B4,fujitsu-vcis 20120214
IMG_3c4033_AD3NHG8YQRK,Windows Server 2008 R2 SE 64bit (Japanese),Symantec Endpoint Protection 11.0 (Japanese),SQLServer 2008 SE SP1 (Japanese)
IMG_3c4033_X1UH5OZPXT24SAGW,Red Hat Enterprise Linux 5.5 64bit (English),Symantec AntiVirus for Linux 1.0
IMG_3c4033_83CZTBCYJGG,CentOS 5.4 64bit-en
IMG_3c4033_X1UC6YTXO9T8GM4G,Windows Server 2008 R2 EE 64bit (Japanese),Symantec Endpoint Protection 11.0 (Japanese)
IMG_3c4033_6TY7XWKQPS,CentOS 5.4 32bit
IMG_3c4033_R11U6Y973W44A2O,CentOS 5.4 64bit-en
