0BCCQKBX-DUH615Z5R,DETACHED
0BCCQKBX-DUH615Z5R,DETACHED
0BCCQKBX-DUH615Z5R,DETACHED
0BCCQKBX-DUH615Z5R,DETACHED
0BCCQKBX-DUH615Z5R,DETACHED
0BCCQKBX-DUH615Z5R,DETACHED
0BCCQKBX-DUH615Z5R,DETACHED
0BCCQKBX-DUH615Z5R,DETACHED
0BCCQKBX-DUH615Z5R,DETACHED
0BCCQKBX-DUH615Z5R,DETACHED
8TNNPM4T-BRAQDQ91D,DETACHED
8TNNPM4T-BRAQDQ91D,DETACHED
8TNNPM4T-BRAQDQ91D,DETACHED
BHB1JNRX-4L6ZQ9PB9,DETACHED
GWR0Y8JD-BR278ZD7O,DETACHED
GWR0Y8JD-BR278ZD7O,DETACHED
KDAUT0Z8-N4REE24XY,ATTACHED
L6WSO2JB-DTC76HRLK,DETACHED
L6WSO2JB-CTDA0FK0Y,ATTACHED
QINK2KO2-0H4URIM80,ATTACHED
QINK2KO2-0H4URIM80,DETACHED
QINK2KO2-0H4URIM80,DETACHED
QINK2KO2-0H4URIM80,DETACHED
QINK2KO2-0H4URIM80,DETACHED
QINK2KO2-0H4URIM80,DETACHED
QINK2KO2-0H4URIM80,DETACHED
QINK2KO2-0H4URIM80,DETACHED
QINK2KO2-0H4URIM80,DETACHED
QINK2KO2-0H4URIM80,DETACHED
UD028MNB-J0NC48SWK,ATTACHED
VFJPX0I6-FWIMFVZAU,ATTACHED
VFJPX0I6-IZLOCSI0R,ATTACHED
VFJPX0I6-5M8QLCKIW,DETACHED
