ContractID,HostRegion,Product ID,Unit,GBP List Price(per unit),GBP List Price,GBP Transfer Price(per unit),GBP Transfer Price
00GTEVWR,UKI,UKI-NW-0001-0001,123,0.121000,14.883000,0.007100,0.873300
00GTEVWR,UKI,UKI-DK-0003-0001,221310,0.000160,35.409600,0.000130,28.770300
00GTEVWR,UKI,UKI-VM-0001-0003,1505,0.320000,481.600000,0.272400,409.962000
00GTEVWR,UKI,UKI-DK-0002-0001,59520,0.000160,9.523200,0.000130,7.737600
00GTEVWR,UKI,UKI-NW-0002-0001,744,0.023000,17.112000,0.014900,11.085600
00GTEVWR,UKI,UKI-SD-0001-0001,126182,0.000160,20.189120,0.000130,16.403660
00GTEVWR,UKI,UKI-DK-0001-0001,386880,0.000160,61.900800,0.000130,50.294400
00GTEVWR,UKI,UKI-VM-0001-0001,2871,0.080000,229.680000,0.067900,194.940900
00GTEVWR,UKI,UKI-VM-0001-0002,749,0.160000,119.840000,0.136500,102.238500
00GTEVWR,UKI,UKI-IP-0001-0001,2976,0.008000,23.808000,0.007100,21.129600
00GTEVWR,UKI,UKI-DK-0003-0002,59520,0.000160,9.523200,0.000130,7.737600
00GTEVWR,-,Total,-,-,1023.46892,-,851.17346
0UHC5GBO,DEU,DEU-DK-0001-0001,297600,0.000190,56.544000,0.000130,38.688000
0UHC5GBO,DEU,DEU-IP-0001-0001,744,0.010000,7.440000,0.007100,5.282400
0UHC5GBO,DEU,DEU-VM-0001-0001,744,0.098200,73.060800,0.067900,50.517600
0UHC5GBO,DEU,DEU-NW-0001-0001,49,0.010200,0.499800,0.007100,0.347900
0UHC5GBO,DEU,DEU-VM-0001-0003,744,0.393600,292.838400,0.272400,202.665600
0UHC5GBO,DEU,DEU-SD-0001-0001,37200,0.000190,7.068000,0.000130,4.836000
0UHC5GBO,-,Total,-,-,437.451,-,302.3375
0V41FCZC,UKI,UKI-DK-0002-0001,66960,0.000160,10.713600,0.000130,8.704800
0V41FCZC,UKI,UKI-IP-0001-0001,1488,0.008000,11.904000,0.007100,10.564800
0V41FCZC,UKI,UKI-SD-0001-0001,74400,0.000160,11.904000,0.000130,9.672000
0V41FCZC,UKI,UKI-DK-0001-0001,29760,0.000160,4.761600,0.000130,3.868800
0V41FCZC,-,Total,-,-,39.2832,-,32.8104
1D0F405H,UKI,UKI-VM-0001-0001,1488,0.080000,119.040000,0.067900,101.035200
1D0F405H,UKI,UKI-IP-0001-0001,744,0.008000,5.952000,0.007100,5.282400
1D0F405H,UKI,UKI-VM-0001-0002,1488,0.160000,238.080000,0.136500,203.112000
1D0F405H,UKI,UKI-SD-0001-0001,74102,0.000160,11.856320,0.000130,9.633260
1D0F405H,UKI,UKI-DK-0001-0001,3720000,0.000160,595.200000,0.000130,483.600000
1D0F405H,-,Total,-,-,970.12832,-,802.66286
26QJ603D,UKI,UKI-NW-0001-0001,12,0.121000,1.452000,0.007100,0.085200
26QJ603D,UKI,UKI-DK-0003-0001,119040,0.000160,19.046400,0.000130,15.475200
26QJ603D,UKI,UKI-VM-0001-0003,744,0.320000,238.080000,0.272400,202.665600
26QJ603D,UKI,UKI-DK-0002-0001,89280,0.000160,14.284800,0.000130,11.606400
26QJ603D,UKI,UKI-SD-0001-0001,59520,0.000160,9.523200,0.000130,7.737600
26QJ603D,UKI,UKI-DK-0001-0001,148800,0.000160,23.808000,0.000130,19.344000
26QJ603D,UKI,UKI-VM-0001-0004,744,0.640000,476.160000,0.544900,405.405600
26QJ603D,UKI,UKI-IP-0001-0001,744,0.008000,5.952000,0.007100,5.282400
26QJ603D,UKI,UKI-DK-0003-0002,74400,0.000160,11.904000,0.000130,9.672000
26QJ603D,-,Total,-,-,800.2104,-,677.274
2GDSU42E,UKI,UKI-IP-0001-0001,3405,0.008000,27.240000,0.007100,24.175500
2GDSU42E,UKI,UKI-SD-0001-0001,190680,0.000160,30.508800,0.000130,24.788400
2GDSU42E,UKI,UKI-DK-0001-0001,149820,0.000160,23.971200,0.000130,19.476600
2GDSU42E,-,Total,-,-,81.72,-,68.4405
317NAQAR,UKI,UKI-NW-0001-0001,13,0.121000,1.573000,0.007100,0.092300
317NAQAR,UKI,UKI-DK-0003-0001,238080,0.000160,38.092800,0.000130,30.950400
317NAQAR,UKI,UKI-VM-0001-0003,3338,0.320000,1068.160000,0.272400,909.271200
317NAQAR,UKI,UKI-SD-0001-0001,268400,0.000160,42.944000,0.000130,34.892000
317NAQAR,UKI,UKI-DK-0001-0001,3016000,0.000160,482.560000,0.000130,392.080000
317NAQAR,UKI,UKI-VM-0001-0004,1474,0.640000,943.360000,0.544900,803.182600
317NAQAR,UKI,UKI-IP-0001-0001,1488,0.008000,11.904000,0.007100,10.564800
317NAQAR,UKI,UKI-VM-0001-0002,933,0.160000,149.280000,0.136500,127.354500
317NAQAR,UKI,UKI-DK-0003-0002,706800,0.000160,113.088000,0.000130,91.884000
317NAQAR,-,Total,-,-,2850.9618,-,2400.2718
31XF4M2E,DEU,DEU-VM-0001-0002,744,0.973000,723.912000,0.136500,101.556000
31XF4M2E,DEU,DEU-DK-0003-0002,37200,0.000190,7.068000,0.000130,4.836000
31XF4M2E,DEU,DEU-DK-0001-0001,334800,0.000190,63.612000,0.000130,43.524000
31XF4M2E,DEU,DEU-IP-0001-0001,1488,0.010000,14.880000,0.007100,10.564800
31XF4M2E,DEU,DEU-VM-0001-0001,2147,0.098200,210.835400,0.067900,145.781300
31XF4M2E,DEU,DEU-NW-0002-0001,744,0.021500,15.996000,0.014900,11.085600
31XF4M2E,DEU,DEU-DK-0003-0001,134220,0.000190,25.501800,0.000130,17.448600
31XF4M2E,DEU,DEU-DK-0002-0001,111600,0.000190,21.204000,0.000130,14.508000
31XF4M2E,DEU,DEU-NW-0001-0001,78,0.010200,0.795600,0.007100,0.553800
31XF4M2E,DEU,DEU-SD-0001-0001,74102,0.000190,14.079380,0.000130,9.633260
31XF4M2E,-,Total,-,-,1097.88418,-,359.49136
3M9LQ2RK,UKI,UKI-NW-0001-0001,0,0.121000,0.000000,0.007100,0.000000
3M9LQ2RK,UKI,UKI-DK-0002-0001,7440,0.000160,1.190400,0.000130,0.967200
3M9LQ2RK,UKI,UKI-IP-0001-0001,744,0.008000,5.952000,0.007100,5.282400
3M9LQ2RK,UKI,UKI-SD-0001-0001,22320,0.000160,3.571200,0.000130,2.901600
3M9LQ2RK,UKI,UKI-VM-0001-0002,633,0.160000,101.280000,0.136500,86.404500
3M9LQ2RK,UKI,UKI-DK-0003-0002,37200,0.000160,5.952000,0.000130,4.836000
3M9LQ2RK,UKI,UKI-DK-0001-0001,74400,0.000160,11.904000,0.000130,9.672000
3M9LQ2RK,-,Total,-,-,129.8496,-,110.0637
4G6HVSYZ,UKI,UKI-NW-0001-0001,1,0.121000,0.121000,0.007100,0.007100
4G6HVSYZ,UKI,UKI-VM-0001-0003,732,0.320000,234.240000,0.272400,199.396800
4G6HVSYZ,UKI,UKI-SD-0001-0001,119040,0.000160,19.046400,0.000130,15.475200
4G6HVSYZ,UKI,UKI-DK-0001-0001,94080,0.000160,15.052800,0.000130,12.230400
4G6HVSYZ,UKI,UKI-VM-0001-0001,557,0.080000,44.560000,0.067900,37.820300
4G6HVSYZ,UKI,UKI-VM-0001-0002,557,0.160000,89.120000,0.136500,76.030500
4G6HVSYZ,UKI,UKI-IP-0001-0001,744,0.008000,5.952000,0.007100,5.282400
4G6HVSYZ,-,Total,-,-,408.0922,-,346.2427
5CE2FHUJ,UKI,UKI-DK-0003-0001,44640,0.000160,7.142400,0.000130,5.803200
5CE2FHUJ,UKI,UKI-DK-0002-0001,66960,0.000160,10.713600,0.000130,8.704800
5CE2FHUJ,UKI,UKI-IP-0001-0001,744,0.008000,5.952000,0.007100,5.282400
5CE2FHUJ,UKI,UKI-SD-0001-0001,37200,0.000160,5.952000,0.000130,4.836000
5CE2FHUJ,-,Total,-,-,29.76,-,24.6264
61X04OI4,UKI,UKI-NW-0001-0001,19,0.121000,2.299000,0.007100,0.134900
61X04OI4,UKI,UKI-VM-0001-0003,1488,0.320000,476.160000,0.272400,405.331200
61X04OI4,UKI,UKI-SD-0001-0001,208320,0.000160,33.331200,0.000130,27.081600
61X04OI4,UKI,UKI-DK-0001-0001,372000,0.000160,59.520000,0.000130,48.360000
61X04OI4,UKI,UKI-VM-0001-0004,744,0.640000,476.160000,0.544900,405.405600
61X04OI4,UKI,UKI-IP-0001-0001,7440,0.008000,59.520000,0.007100,52.824000
61X04OI4,UKI,UKI-VM-0001-0002,744,0.160000,119.040000,0.136500,101.556000
61X04OI4,-,Total,-,-,1226.0302,-,1040.6933
6BYAZ4J6,UKI,UKI-NW-0001-0001,1,0.121000,0.121000,0.007100,0.007100
6BYAZ4J6,UKI,UKI-VM-0001-0003,1488,0.320000,476.160000,0.272400,405.331200
6BYAZ4J6,UKI,UKI-DK-0002-0001,96720,0.000160,15.475200,0.000130,12.573600
6BYAZ4J6,UKI,UKI-SD-0001-0001,156240,0.000160,24.998400,0.000130,20.311200
6BYAZ4J6,UKI,UKI-DK-0001-0001,449670,0.000160,71.947200,0.000130,58.457100
6BYAZ4J6,UKI,UKI-VM-0001-0004,1488,0.640000,952.320000,0.544900,810.811200
6BYAZ4J6,UKI,UKI-VM-0001-0001,744,0.080000,59.520000,0.067900,50.517600
6BYAZ4J6,UKI,UKI-IP-0001-0001,3720,0.008000,29.760000,0.007100,26.412000
6BYAZ4J6,UKI,UKI-VM-0001-0002,744,0.160000,119.040000,0.136500,101.556000
6BYAZ4J6,-,Total,-,-,1749.3418,-,1485.977
7K6I5Z4C,DEU,DEU-DK-0003-0002,446400,0.000190,84.816000,0.000130,58.032000
7K6I5Z4C,DEU,DEU-DK-0001-0001,1681440,0.000190,319.473600,0.000130,218.587200
7K6I5Z4C,DEU,DEU-IP-0001-0001,2976,0.010000,29.760000,0.007100,21.129600
7K6I5Z4C,DEU,DEU-VM-0001-0001,744,0.098200,73.060800,0.067900,50.517600
7K6I5Z4C,DEU,DEU-NW-0002-0001,1488,0.021500,31.992000,0.014900,22.171200
7K6I5Z4C,DEU,DEU-DK-0003-0001,327360,0.000190,62.198400,0.000130,42.556800
7K6I5Z4C,DEU,DEU-NW-0001-0001,1146,0.010200,11.689200,0.007100,8.136600
7K6I5Z4C,DEU,DEU-VM-0001-0004,2232,0.787300,1757.253600,0.544900,1216.216800
7K6I5Z4C,DEU,DEU-SD-0001-0001,119040,0.000190,22.617600,0.000130,15.475200
7K6I5Z4C,-,Total,-,-,2392.8612,-,1652.823
7PV5A3QO,UKI,UKI-NW-0001-0001,49,0.121000,5.929000,0.007100,0.347900
7PV5A3QO,UKI,UKI-VM-0001-0003,744,0.320000,238.080000,0.272400,202.665600
7PV5A3QO,UKI,UKI-IP-0001-0001,5208,0.008000,41.664000,0.007100,36.976800
7PV5A3QO,UKI,UKI-SD-0001-0001,178560,0.000160,28.569600,0.000130,23.212800
7PV5A3QO,UKI,UKI-VM-0001-0002,2232,0.160000,357.120000,0.136500,304.668000
7PV5A3QO,UKI,UKI-DK-0001-0001,446400,0.000160,71.424000,0.000130,58.032000
7PV5A3QO,-,Total,-,-,742.7866,-,625.9031
861SMHAB,UKI,UKI-NW-0001-0001,75,0.121000,9.075000,0.007100,0.532500
861SMHAB,UKI,UKI-DK-0003-0001,11840,0.000160,1.894400,0.000130,1.539200
861SMHAB,UKI,UKI-VM-0001-0011,285,1.280000,364.800000,1.089700,310.564500
861SMHAB,UKI,UKI-VM-0001-0003,35,0.320000,11.200000,0.272400,9.534000
861SMHAB,UKI,UKI-SD-0001-0001,1063720,0.000160,170.195200,0.000130,138.283600
861SMHAB,UKI,UKI-DK-0001-0001,41400,0.000160,6.624000,0.000130,5.382000
861SMHAB,UKI,UKI-VM-0001-0004,89,0.640000,56.960000,0.544900,48.496100
861SMHAB,UKI,UKI-VM-0001-0002,505,0.160000,80.800000,0.136500,68.932500
861SMHAB,UKI,UKI-IP-0001-0001,706,0.008000,5.648000,0.007100,5.012600
861SMHAB,-,Total,-,-,707.1966,-,588.277
8677X7ZH,UKI,UKI-VM-0001-0001,483,0.080000,38.640000,0.067900,32.795700
8677X7ZH,UKI,UKI-NW-0001-0001,142,0.121000,17.182000,0.007100,1.008200
8677X7ZH,UKI,UKI-IP-0001-0001,744,0.008000,5.952000,0.007100,5.282400
8677X7ZH,UKI,UKI-SD-0001-0001,29760,0.000160,4.761600,0.000130,3.868800
8677X7ZH,UKI,UKI-DK-0001-0001,223200,0.000160,35.712000,0.000130,29.016000
8677X7ZH,-,Total,-,-,102.2476,-,71.9711
8ECYF9G0,UKI,UKI-SD-0001-0001,119040,0.000160,19.046400,0.000130,15.475200
8ECYF9G0,UKI,UKI-DK-0001-0001,29760,0.000160,4.761600,0.000130,3.868800
8ECYF9G0,-,Total,-,-,23.808,-,19.344
9ZYCPHR6,UKI,UKI-NW-0001-0001,14,0.121000,1.694000,0.007100,0.099400
9ZYCPHR6,UKI,UKI-DK-0003-0001,13960,0.000160,2.233600,0.000130,1.814800
9ZYCPHR6,UKI,UKI-VM-0001-0003,298,0.320000,95.360000,0.272400,81.175200
9ZYCPHR6,UKI,UKI-VM-0001-0011,333,1.280000,426.240000,1.089700,362.870100
9ZYCPHR6,UKI,UKI-SD-0001-0001,1263780,0.000160,202.204800,0.000130,164.291400
9ZYCPHR6,UKI,UKI-DK-0001-0001,240870,0.000160,38.539200,0.000130,31.313100
9ZYCPHR6,UKI,UKI-VM-0001-0004,15,0.640000,9.600000,0.544900,8.173500
9ZYCPHR6,UKI,UKI-VM-0001-0001,3431,0.080000,274.480000,0.067900,232.964900
9ZYCPHR6,UKI,UKI-IP-0001-0001,1893,0.008000,15.144000,0.007100,13.440300
9ZYCPHR6,UKI,UKI-VM-0001-0002,1247,0.160000,199.520000,0.136500,170.215500
9ZYCPHR6,-,Total,-,-,1265.0156,-,1066.3582
AJDFA0PW,UKI,UKI-NW-0001-0001,0,0.121000,0.000000,0.007100,0.000000
AJDFA0PW,UKI,UKI-VM-0001-0003,744,0.320000,238.080000,0.272400,202.665600
AJDFA0PW,UKI,UKI-IP-0001-0001,744,0.008000,5.952000,0.007100,5.282400
AJDFA0PW,UKI,UKI-SD-0001-0001,7440,0.000160,1.190400,0.000130,0.967200
AJDFA0PW,UKI,UKI-DK-0001-0001,744000,0.000160,119.040000,0.000130,96.720000
AJDFA0PW,-,Total,-,-,364.2624,-,305.6352
BYALA0OP,UKI,UKI-VM-0001-0001,1,0.080000,0.080000,0.067900,0.067900
BYALA0OP,UKI,UKI-NW-0001-0001,0,0.121000,0.000000,0.007100,0.000000
BYALA0OP,UKI,UKI-IP-0001-0001,744,0.008000,5.952000,0.007100,5.282400
BYALA0OP,UKI,UKI-VM-0001-0002,576,0.160000,92.160000,0.136500,78.624000
BYALA0OP,UKI,UKI-SD-0001-0001,106360,0.000160,17.017600,0.000130,13.826800
BYALA0OP,-,Total,-,-,115.2096,-,97.8011
CZ1XAXOP,UKI,UKI-DK-0003-0001,1454670,0.000160,232.747200,0.000130,189.107100
CZ1XAXOP,UKI,UKI-NW-0001-0001,4,0.121000,0.484000,0.007100,0.028400
CZ1XAXOP,UKI,UKI-DK-0002-0001,476280,0.000160,76.204800,0.000130,61.916400
CZ1XAXOP,UKI,UKI-SD-0001-0001,659040,0.000160,105.446400,0.000130,85.675200
CZ1XAXOP,UKI,UKI-DK-0001-0001,194020,0.000160,31.043200,0.000130,25.222600
CZ1XAXOP,UKI,UKI-VM-0001-0001,28437,0.080000,2274.960000,0.067900,1930.872300
CZ1XAXOP,UKI,UKI-DK-0003-0002,268400,0.000160,42.944000,0.000130,34.892000
CZ1XAXOP,UKI,UKI-IP-0001-0001,19032,0.008000,152.256000,0.007100,135.127200
CZ1XAXOP,UKI,UKI-VM-0001-0002,1485,0.160000,237.600000,0.136500,202.702500
CZ1XAXOP,-,Total,-,-,3153.6856,-,2665.5437
E7PEGJQL,DEU,DEU-DK-0001-0001,104160,0.000190,19.790400,0.000130,13.540800
E7PEGJQL,DEU,DEU-IP-0001-0001,744,0.010000,7.440000,0.007100,5.282400
E7PEGJQL,DEU,DEU-SD-0001-0001,119040,0.000190,22.617600,0.000130,15.475200
E7PEGJQL,DEU,DEU-DK-0002-0001,29760,0.000190,5.654400,0.000130,3.868800
E7PEGJQL,-,Total,-,-,55.5024,-,38.1672
GLI3HS1O,UKI,UKI-IP-0001-0001,744,0.008000,5.952000,0.007100,5.282400
GLI3HS1O,UKI,UKI-SD-0001-0001,89280,0.000160,14.284800,0.000130,11.606400
GLI3HS1O,UKI,UKI-DK-0001-0001,111600,0.000160,17.856000,0.000130,14.508000
GLI3HS1O,-,Total,-,-,38.0928,-,31.3968
I7Y523A6,UKI,UKI-SD-0001-0001,410,0.000160,0.065600,0.000130,0.053300
I7Y523A6,-,Total,-,-,0.0656,-,0.0533
JG7WZASL,UKI,UKI-NW-0001-0001,1902,0.121000,230.142000,0.007100,13.504200
JG7WZASL,UKI,UKI-VM-0001-0003,10353,0.320000,3312.960000,0.272400,2820.157200
JG7WZASL,UKI,UKI-DK-0002-0001,133920,0.000160,21.427200,0.000130,17.409600
JG7WZASL,UKI,UKI-SD-0001-0001,899793,0.000160,143.966880,0.000130,116.973090
JG7WZASL,UKI,UKI-NW-0002-0001,2976,0.023000,68.448000,0.014900,44.342400
JG7WZASL,UKI,UKI-DK-0001-0001,4595610,0.000160,735.297600,0.000130,597.429300
JG7WZASL,UKI,UKI-VM-0001-0001,2976,0.080000,238.080000,0.067900,202.070400
JG7WZASL,UKI,UKI-VM-0001-0004,6650,0.640000,4256.000000,0.544900,3623.585000
JG7WZASL,UKI,UKI-IP-0001-0001,20088,0.008000,160.704000,0.007100,142.624800
JG7WZASL,UKI,UKI-VM-0001-0002,6674,0.160000,1067.840000,0.136500,911.001000
JG7WZASL,-,Total,-,-,10234.86568,-,8489.09699
KBBERIUK,UKI,UKI-NW-0001-0001,0,0.121000,0.000000,0.007100,0.000000
KBBERIUK,UKI,UKI-IP-0001-0001,744,0.008000,5.952000,0.007100,5.282400
KBBERIUK,UKI,UKI-SD-0001-0001,7440,0.000160,1.190400,0.000130,0.967200
KBBERIUK,UKI,UKI-VM-0001-0002,744,0.160000,119.040000,0.136500,101.556000
KBBERIUK,-,Total,-,-,126.1824,-,107.8056
KN1ZTXJL,UKI,UKI-VM-0001-0001,1488,0.080000,119.040000,0.067900,101.035200
KN1ZTXJL,UKI,UKI-NW-0001-0001,0,0.121000,0.000000,0.007100,0.000000
KN1ZTXJL,UKI,UKI-DK-0003-0001,69120,0.000160,11.059200,0.000130,8.985600
KN1ZTXJL,UKI,UKI-VM-0001-0002,145,0.160000,23.200000,0.136500,19.792500
KN1ZTXJL,UKI,UKI-IP-0001-0001,2380,0.008000,19.040000,0.007100,16.898000
KN1ZTXJL,UKI,UKI-SD-0001-0001,71280,0.000160,11.404800,0.000130,9.266400
KN1ZTXJL,-,Total,-,-,183.744,-,155.9777
KSI8K3WC,DEU,DEU-VM-0001-0002,4455,0.973000,4334.715000,0.136500,608.107500
KSI8K3WC,DEU,DEU-DK-0003-0002,933640,0.000190,177.391600,0.000130,121.373200
KSI8K3WC,DEU,DEU-DK-0001-0001,903400,0.000190,171.646000,0.000130,117.442000
KSI8K3WC,DEU,DEU-IP-0001-0001,4045,0.010000,40.450000,0.007100,28.719500
KSI8K3WC,DEU,DEU-VM-0001-0001,3720,0.098200,365.304000,0.067900,252.588000
KSI8K3WC,DEU,DEU-NW-0002-0001,744,0.021500,15.996000,0.014900,11.085600
KSI8K3WC,DEU,DEU-DK-0003-0001,442600,0.000190,84.094000,0.000130,57.538000
KSI8K3WC,DEU,DEU-DK-0002-0001,178560,0.000190,33.926400,0.000130,23.212800
KSI8K3WC,DEU,DEU-VM-0001-0004,1488,0.787300,1171.502400,0.544900,810.811200
KSI8K3WC,DEU,DEU-NW-0001-0001,298,0.010200,3.039600,0.007100,2.115800
KSI8K3WC,DEU,DEU-VM-0001-0003,1069,0.393600,420.758400,0.272400,291.195600
KSI8K3WC,DEU,DEU-SD-0001-0001,534860,0.000190,101.623400,0.000130,69.531800
KSI8K3WC,-,Total,-,-,6920.4468,-,2393.721
LBKCOJIS,UKI,UKI-NW-0001-0001,2,0.121000,0.242000,0.007100,0.014200
LBKCOJIS,UKI,UKI-VM-0001-0011,2066,1.280000,2644.480000,1.089700,2251.320200
LBKCOJIS,UKI,UKI-IP-0001-0001,2232,0.008000,17.856000,0.007100,15.847200
LBKCOJIS,UKI,UKI-SD-0001-0001,37200,0.000160,5.952000,0.000130,4.836000
LBKCOJIS,UKI,UKI-DK-0001-0001,744000,0.000160,119.040000,0.000130,96.720000
LBKCOJIS,-,Total,-,-,2787.57,-,2368.7376
LKCBJYT1,UKI,UKI-IP-0001-0001,1488,0.008000,11.904000,0.007100,10.564800
LKCBJYT1,UKI,UKI-SD-0001-0001,126480,0.000160,20.236800,0.000130,16.442400
LKCBJYT1,UKI,UKI-DK-0001-0001,1785600,0.000160,285.696000,0.000130,232.128000
LKCBJYT1,-,Total,-,-,317.8368,-,259.1352
MWX9ASCL,UKI,UKI-DK-0003-0001,394320,0.000160,63.091200,0.000130,51.261600
MWX9ASCL,UKI,UKI-NW-0001-0001,8,0.121000,0.968000,0.007100,0.056800
MWX9ASCL,UKI,UKI-VM-0001-0003,8942,0.320000,2861.440000,0.272400,2435.800800
MWX9ASCL,UKI,UKI-NW-0002-0001,2232,0.023000,51.336000,0.014900,33.256800
MWX9ASCL,UKI,UKI-SD-0001-0001,679160,0.000160,108.665600,0.000130,88.290800
MWX9ASCL,UKI,UKI-DK-0001-0001,6867120,0.000160,1098.739200,0.000130,892.725600
MWX9ASCL,UKI,UKI-VM-0001-0001,1488,0.080000,119.040000,0.067900,101.035200
MWX9ASCL,UKI,UKI-VM-0001-0004,3573,0.640000,2286.720000,0.544900,1946.927700
MWX9ASCL,UKI,UKI-VM-0001-0002,2976,0.160000,476.160000,0.136500,406.224000
MWX9ASCL,UKI,UKI-DK-0003-0002,3437280,0.000160,549.964800,0.000130,446.846400
MWX9ASCL,UKI,UKI-IP-0001-0001,4329,0.008000,34.632000,0.007100,30.735900
MWX9ASCL,-,Total,-,-,7650.7568,-,6433.1616
N72RYIMS,UKI,UKI-DK-0003-0001,620760,0.000160,99.321600,0.000130,80.698800
N72RYIMS,UKI,UKI-NW-0001-0001,5295,0.121000,640.695000,0.007100,37.594500
N72RYIMS,UKI,UKI-VM-0001-0003,3720,0.320000,1190.400000,0.272400,1013.328000
N72RYIMS,UKI,UKI-DK-0002-0001,29760,0.000160,4.761600,0.000130,3.868800
N72RYIMS,UKI,UKI-SD-0001-0001,809180,0.000160,129.468800,0.000130,105.193400
N72RYIMS,UKI,UKI-DK-0001-0001,17924250,0.000160,2867.880000,0.000130,2330.152500
N72RYIMS,UKI,UKI-VM-0001-0001,715,0.080000,57.200000,0.067900,48.548500
N72RYIMS,UKI,UKI-VM-0001-0004,5207,0.640000,3332.480000,0.544900,2837.294300
N72RYIMS,UKI,UKI-VM-0001-0002,7545,0.160000,1207.200000,0.136500,1029.892500
N72RYIMS,UKI,UKI-IP-0001-0001,14136,0.008000,113.088000,0.007100,100.365600
N72RYIMS,-,Total,-,-,9642.495,-,7586.9369
N879XWDJ,UKI,UKI-NW-0001-0001,0,0.121000,0.000000,0.007100,0.000000
N879XWDJ,UKI,UKI-IP-0001-0001,1488,0.008000,11.904000,0.007100,10.564800
N879XWDJ,UKI,UKI-SD-0001-0001,59520,0.000160,9.523200,0.000130,7.737600
N879XWDJ,UKI,UKI-VM-0001-0002,1488,0.160000,238.080000,0.136500,203.112000
N879XWDJ,-,Total,-,-,259.5072,-,221.4144
NNQ7V054,UKI,UKI-NW-0001-0001,2,0.121000,0.242000,0.007100,0.014200
NNQ7V054,UKI,UKI-VM-0001-0003,255,0.320000,81.600000,0.272400,69.462000
NNQ7V054,UKI,UKI-SD-0001-0001,140100,0.000160,22.416000,0.000130,18.213000
NNQ7V054,UKI,UKI-DK-0001-0001,101290,0.000160,16.206400,0.000130,13.167700
NNQ7V054,UKI,UKI-VM-0001-0001,929,0.080000,74.320000,0.067900,63.079100
NNQ7V054,UKI,UKI-IP-0001-0001,3175,0.008000,25.400000,0.007100,22.542500
NNQ7V054,-,Total,-,-,220.1844,-,186.4785
PR0F2D34,UKI,UKI-NW-0001-0001,1,0.121000,0.121000,0.007100,0.007100
PR0F2D34,UKI,UKI-DK-0003-0001,51160,0.000160,8.185600,0.000130,6.650800
PR0F2D34,UKI,UKI-DK-0002-0001,64320,0.000160,10.291200,0.000130,8.361600
PR0F2D34,UKI,UKI-SD-0001-0001,179240,0.000160,28.678400,0.000130,23.301200
PR0F2D34,UKI,UKI-VM-0001-0001,23,0.080000,1.840000,0.067900,1.561700
PR0F2D34,UKI,UKI-VM-0001-0002,3767,0.160000,602.720000,0.136500,514.195500
PR0F2D34,UKI,UKI-IP-0001-0001,2025,0.008000,16.200000,0.007100,14.377500
PR0F2D34,-,Total,-,-,668.0362,-,568.4554
QVTAUUZ8,UKI,UKI-VM-0001-0001,744,0.080000,59.520000,0.067900,50.517600
QVTAUUZ8,UKI,UKI-NW-0001-0001,0,0.121000,0.000000,0.007100,0.000000
QVTAUUZ8,UKI,UKI-VM-0001-0003,744,0.320000,238.080000,0.272400,202.665600
QVTAUUZ8,UKI,UKI-IP-0001-0001,744,0.008000,5.952000,0.007100,5.282400
QVTAUUZ8,UKI,UKI-SD-0001-0001,89280,0.000160,14.284800,0.000130,11.606400
QVTAUUZ8,UKI,UKI-DK-0001-0001,1488000,0.000160,238.080000,0.000130,193.440000
QVTAUUZ8,-,Total,-,-,555.9168,-,463.512
R2M98GHO,UKI,UKI-NW-0001-0001,0,0.121000,0.000000,0.007100,0.000000
R2M98GHO,UKI,UKI-DK-0003-0001,29760,0.000160,4.761600,0.000130,3.868800
R2M98GHO,UKI,UKI-DK-0002-0001,7440,0.000160,1.190400,0.000130,0.967200
R2M98GHO,UKI,UKI-NW-0002-0001,744,0.023000,17.112000,0.014900,11.085600
R2M98GHO,UKI,UKI-SD-0001-0001,81840,0.000160,13.094400,0.000130,10.639200
R2M98GHO,UKI,UKI-VM-0001-0002,1488,0.160000,238.080000,0.136500,203.112000
R2M98GHO,UKI,UKI-IP-0001-0001,2976,0.008000,23.808000,0.007100,21.129600
R2M98GHO,-,Total,-,-,298.0464,-,250.8024
RU8PYCRV,UKI,UKI-NW-0001-0001,7,0.121000,0.847000,0.007100,0.049700
RU8PYCRV,UKI,UKI-DK-0003-0001,78240,0.000160,12.518400,0.000130,10.171200
RU8PYCRV,UKI,UKI-VM-0001-0003,4392,0.320000,1405.440000,0.272400,1196.380800
RU8PYCRV,UKI,UKI-SD-0001-0001,1318920,0.000160,211.027200,0.000130,171.459600
RU8PYCRV,UKI,UKI-DK-0001-0001,1432940,0.000160,229.270400,0.000130,186.282200
RU8PYCRV,UKI,UKI-VM-0001-0001,3880,0.080000,310.400000,0.067900,263.452000
RU8PYCRV,UKI,UKI-VM-0001-0004,4072,0.640000,2606.080000,0.544900,2218.832800
RU8PYCRV,UKI,UKI-IP-0001-0001,9246,0.008000,73.968000,0.007100,65.646600
RU8PYCRV,UKI,UKI-VM-0001-0002,7778,0.160000,1244.480000,0.136500,1061.697000
RU8PYCRV,-,Total,-,-,6094.031,-,5173.9719
RVGIDXEY,UKI,UKI-SD-0001-0001,59520,0.000160,9.523200,0.000130,7.737600
RVGIDXEY,UKI,UKI-VM-0001-0002,744,0.160000,119.040000,0.136500,101.556000
RVGIDXEY,UKI,UKI-DK-0001-0001,818400,0.000160,130.944000,0.000130,106.392000
RVGIDXEY,-,Total,-,-,259.5072,-,215.6856
TXFJ0OK8,UKI,UKI-NW-0001-0001,456,0.121000,55.176000,0.007100,3.237600
TXFJ0OK8,UKI,UKI-DK-0003-0001,184320,0.000160,29.491200,0.000130,23.961600
TXFJ0OK8,UKI,UKI-SD-0001-0001,47520,0.000160,7.603200,0.000130,6.177600
TXFJ0OK8,UKI,UKI-DK-0001-0001,193200,0.000160,30.912000,0.000130,25.116000
TXFJ0OK8,UKI,UKI-VM-0001-0004,744,0.640000,476.160000,0.544900,405.405600
TXFJ0OK8,UKI,UKI-VM-0001-0002,444,0.160000,71.040000,0.136500,60.606000
TXFJ0OK8,UKI,UKI-DK-0003-0002,684000,0.000160,109.440000,0.000130,88.920000
TXFJ0OK8,UKI,UKI-IP-0001-0001,1932,0.008000,15.456000,0.007100,13.717200
TXFJ0OK8,-,Total,-,-,795.2784,-,627.1416
U29JBXKX,UKI,UKI-NW-0001-0001,8,0.121000,0.968000,0.007100,0.056800
U29JBXKX,UKI,UKI-DK-0003-0001,327360,0.000160,52.377600,0.000130,42.556800
U29JBXKX,UKI,UKI-SD-0001-0001,119040,0.000160,19.046400,0.000130,15.475200
U29JBXKX,UKI,UKI-NW-0002-0001,744,0.023000,17.112000,0.014900,11.085600
U29JBXKX,UKI,UKI-DK-0001-0001,930000,0.000160,148.800000,0.000130,120.900000
U29JBXKX,UKI,UKI-VM-0001-0001,2222,0.080000,177.760000,0.067900,150.873800
U29JBXKX,UKI,UKI-IP-0001-0001,2232,0.008000,17.856000,0.007100,15.847200
U29JBXKX,UKI,UKI-DK-0003-0002,409200,0.000160,65.472000,0.000130,53.196000
U29JBXKX,UKI,UKI-VM-0001-0002,732,0.160000,117.120000,0.136500,99.918000
U29JBXKX,-,Total,-,-,616.512,-,509.9094
UQ7L60OC,DEU,DEU-DK-0001-0001,6795960,0.000190,1291.232400,0.000130,883.474800
UQ7L60OC,DEU,DEU-IP-0001-0001,2232,0.010000,22.320000,0.007100,15.847200
UQ7L60OC,DEU,DEU-DK-0003-0001,89280,0.000190,16.963200,0.000130,11.606400
UQ7L60OC,DEU,DEU-NW-0001-0001,2820,0.010200,28.764000,0.007100,20.022000
UQ7L60OC,DEU,DEU-VM-0001-0004,1488,0.787300,1171.502400,0.544900,810.811200
UQ7L60OC,DEU,DEU-VM-0001-0003,1488,0.393600,585.676800,0.272400,405.331200
UQ7L60OC,DEU,DEU-SD-0001-0001,119040,0.000190,22.617600,0.000130,15.475200
UQ7L60OC,-,Total,-,-,3139.0764,-,2162.568
VYC5PZNQ,UKI,UKI-NW-0001-0001,6,0.121000,0.726000,0.007100,0.042600
VYC5PZNQ,UKI,UKI-VM-0001-0003,744,0.320000,238.080000,0.272400,202.665600
VYC5PZNQ,UKI,UKI-IP-0001-0001,744,0.008000,5.952000,0.007100,5.282400
VYC5PZNQ,UKI,UKI-SD-0001-0001,7440,0.000160,1.190400,0.000130,0.967200
VYC5PZNQ,UKI,UKI-DK-0001-0001,29760,0.000160,4.761600,0.000130,3.868800
VYC5PZNQ,-,Total,-,-,250.71,-,212.8266
W5L623R4,UKI,UKI-NW-0001-0001,0,0.121000,0.000000,0.007100,0.000000
W5L623R4,UKI,UKI-VM-0001-0003,3,0.320000,0.960000,0.272400,0.817200
W5L623R4,UKI,UKI-SD-0001-0001,67090,0.000160,10.734400,0.000130,8.721700
W5L623R4,UKI,UKI-DK-0001-0001,231460,0.000160,37.033600,0.000130,30.089800
W5L623R4,UKI,UKI-VM-0001-0001,539,0.080000,43.120000,0.067900,36.598100
W5L623R4,UKI,UKI-VM-0001-0002,3,0.160000,0.480000,0.136500,0.409500
W5L623R4,UKI,UKI-IP-0001-0001,744,0.008000,5.952000,0.007100,5.282400
W5L623R4,-,Total,-,-,98.28,-,81.9187
WIDEX91F,UKI,UKI-NW-0001-0001,0,0.121000,0.000000,0.007100,0.000000
WIDEX91F,UKI,UKI-DK-0003-0001,59520,0.000160,9.523200,0.000130,7.737600
WIDEX91F,UKI,UKI-DK-0002-0001,1520,0.000160,0.243200,0.000130,0.197600
WIDEX91F,UKI,UKI-SD-0001-0001,402350,0.000160,64.376000,0.000130,52.305500
WIDEX91F,UKI,UKI-DK-0001-0001,930,0.000160,0.148800,0.000130,0.120900
WIDEX91F,UKI,UKI-VM-0001-0001,885,0.080000,70.800000,0.067900,60.091500
WIDEX91F,UKI,UKI-VM-0001-0002,55,0.160000,8.800000,0.136500,7.507500
WIDEX91F,UKI,UKI-IP-0001-0001,1092,0.008000,8.736000,0.007100,7.753200
WIDEX91F,-,Total,-,-,162.6272,-,135.7138
XNFP8XDJ,UKI,UKI-NW-0001-0001,29,0.121000,3.509000,0.007100,0.205900
XNFP8XDJ,UKI,UKI-DK-0002-0001,29760,0.000160,4.761600,0.000130,3.868800
XNFP8XDJ,UKI,UKI-SD-0001-0001,74251,0.000160,11.880160,0.000130,9.652630
XNFP8XDJ,UKI,UKI-DK-0001-0001,297600,0.000160,47.616000,0.000130,38.688000
XNFP8XDJ,UKI,UKI-VM-0001-0004,1488,0.640000,952.320000,0.544900,810.811200
XNFP8XDJ,UKI,UKI-IP-0001-0001,2976,0.008000,23.808000,0.007100,21.129600
XNFP8XDJ,-,Total,-,-,1043.89476,-,884.35613
Y0GDD8KP,UKI,UKI-IP-0001-0001,633,0.008000,5.064000,0.007100,4.494300
Y0GDD8KP,UKI,UKI-SD-0001-0001,6330,0.000160,1.012800,0.000130,0.822900
Y0GDD8KP,-,Total,-,-,6.0768,-,5.3172
Y9AI830P,UKI,UKI-NW-0001-0001,0,0.121000,0.000000,0.007100,0.000000
Y9AI830P,UKI,UKI-DK-0003-0001,29920,0.000160,4.787200,0.000130,3.889600
Y9AI830P,UKI,UKI-VM-0001-0011,741,1.280000,948.480000,1.089700,807.467700
Y9AI830P,UKI,UKI-DK-0002-0001,29760,0.000160,4.761600,0.000130,3.868800
Y9AI830P,UKI,UKI-IP-0001-0001,744,0.008000,5.952000,0.007100,5.282400
Y9AI830P,UKI,UKI-SD-0001-0001,29760,0.000160,4.761600,0.000130,3.868800
Y9AI830P,UKI,UKI-DK-0001-0001,148800,0.000160,23.808000,0.000130,19.344000
Y9AI830P,-,Total,-,-,992.5504,-,843.7213
YNSEHOZH,UKI,UKI-NW-0001-0001,18,0.121000,2.178000,0.007100,0.127800
YNSEHOZH,UKI,UKI-IP-0001-0001,1488,0.008000,11.904000,0.007100,10.564800
YNSEHOZH,UKI,UKI-SD-0001-0001,29760,0.000160,4.761600,0.000130,3.868800
YNSEHOZH,UKI,UKI-VM-0001-0002,744,0.160000,119.040000,0.136500,101.556000
YNSEHOZH,-,Total,-,-,137.8836,-,116.1174

FoC ContractIDs
4NROXTG9,SIN,SIN-DK-0002-0001,29760,0.000300,8.928000,0.000130,3.868800
4NROXTG9,SIN,SIN-IP-0001-0001,1488,0.015900,23.659200,0.007100,10.564800
4NROXTG9,SIN,SIN-SD-0001-0001,59520,0.000300,17.856000,0.000130,7.737600
4U0IL7L1,UKI,UKI-NW-0001-0001,0,0.121000,0.000000,0.007100,0.000000
4U0IL7L1,UKI,UKI-DK-0002-0001,33980,0.000160,5.436800,0.000130,4.417400
4U0IL7L1,UKI,UKI-NW-0002-0001,311,0.023000,7.153000,0.014900,4.633900
4U0IL7L1,UKI,UKI-SD-0001-0001,42370,0.000160,6.779200,0.000130,5.508100
4U0IL7L1,UKI,UKI-DK-0001-0001,4610,0.000160,0.737600,0.000130,0.599300
4U0IL7L1,UKI,UKI-VM-0001-0001,697,0.080000,55.760000,0.067900,47.326300
4U0IL7L1,UKI,UKI-IP-0001-0001,710,0.008000,5.680000,0.007100,5.041000
67KN9RTV,UKI,UKI-NW-0001-0001,17,0.121000,2.057000,0.007100,0.120700
67KN9RTV,UKI,UKI-DK-0003-0001,2080,0.000160,0.332800,0.000130,0.270400
67KN9RTV,UKI,UKI-SD-0001-0001,29040,0.000160,4.646400,0.000130,3.775200
67KN9RTV,UKI,UKI-IP-0001-0001,424,0.008000,3.392000,0.007100,3.010400
67KN9RTV,UKI,UKI-VM-0001-0002,314,0.160000,50.240000,0.136500,42.861000
8ZGSB1JV,UKI,UKI-SD-0001-0001,19400,0.000160,3.104000,0.000130,2.522000
8ZGSB1JV,UKI,UKI-DK-0001-0001,1680,0.000160,0.268800,0.000130,0.218400
9S5A5QOD,UKI,UKI-VM-0001-0001,580,0.080000,46.400000,0.067900,39.382000
9S5A5QOD,UKI,UKI-IP-0001-0001,580,0.008000,4.640000,0.007100,4.118000
9S5A5QOD,UKI,UKI-SD-0001-0001,75400,0.000160,12.064000,0.000130,9.802000
9WTJ8UM0,UKI,UKI-NW-0001-0001,0,0.121000,0.000000,0.007100,0.000000
9WTJ8UM0,UKI,UKI-DK-0003-0001,1840,0.000160,0.294400,0.000130,0.239200
9WTJ8UM0,UKI,UKI-SD-0001-0001,1840,0.000160,0.294400,0.000130,0.239200
9WTJ8UM0,UKI,UKI-DK-0001-0001,4600,0.000160,0.736000,0.000130,0.598000
9WTJ8UM0,UKI,UKI-VM-0001-0001,42,0.080000,3.360000,0.067900,2.851800
9WTJ8UM0,UKI,UKI-DK-0003-0002,9200,0.000160,1.472000,0.000130,1.196000
9WTJ8UM0,UKI,UKI-IP-0001-0001,92,0.008000,0.736000,0.007100,0.653200
FZOXFIIS,UKI,UKI-IP-0001-0001,1488,0.008000,11.904000,0.007100,10.564800
FZOXFIIS,UKI,UKI-SD-0001-0001,238080,0.000160,38.092800,0.000130,30.950400
FZOXFIIS,UKI,UKI-DK-0001-0001,1495440,0.000160,239.270400,0.000130,194.407200
G6U479LU,UKI,UKI-VM-0001-0001,308,0.080000,24.640000,0.067900,20.913200
G6U479LU,UKI,UKI-DK-0002-0001,277980,0.000160,44.476800,0.000130,36.137400
G6U479LU,UKI,UKI-SD-0001-0001,313540,0.000160,50.166400,0.000130,40.760200
G6U479LU,UKI,UKI-DK-0001-0001,22320,0.000160,3.571200,0.000130,2.901600
GJQH5BD1,UKI,UKI-NW-0001-0001,0,0.121000,0.000000,0.007100,0.000000
GJQH5BD1,UKI,UKI-DK-0003-0001,201780,0.000160,32.284800,0.000130,26.231400
GJQH5BD1,UKI,UKI-DK-0002-0001,494880,0.000160,79.180800,0.000130,64.334400
GJQH5BD1,UKI,UKI-NW-0002-0001,2232,0.023000,51.336000,0.014900,33.256800
GJQH5BD1,UKI,UKI-SD-0001-0001,3153785,0.000160,504.605600,0.000130,409.992050
GJQH5BD1,UKI,UKI-DK-0001-0001,438960,0.000160,70.233600,0.000130,57.064800
GJQH5BD1,UKI,UKI-VM-0001-0004,220,0.640000,140.800000,0.544900,119.878000
GJQH5BD1,UKI,UKI-VM-0001-0001,17868,0.080000,1429.440000,0.067900,1213.237200
GJQH5BD1,UKI,UKI-DK-0003-0002,22320,0.000160,3.571200,0.000130,2.901600
GJQH5BD1,UKI,UKI-IP-0001-0001,18638,0.008000,149.104000,0.007100,132.329800
GSQF1P6F,UKI,UKI-IP-0001-0001,537,0.008000,4.296000,0.007100,3.812700
GSQF1P6F,UKI,UKI-SD-0001-0001,5360,0.000160,0.857600,0.000130,0.696800
GSQF1P6F,UKI,UKI-DK-0001-0001,26800,0.000160,4.288000,0.000130,3.484000
HKE5963T,UKI,UKI-IP-0001-0001,1488,0.008000,11.904000,0.007100,10.564800
HKE5963T,UKI,UKI-SD-0001-0001,119040,0.000160,19.046400,0.000130,15.475200
IL8K1OPS,UKI,UKI-NW-0001-0001,303,0.121000,36.663000,0.007100,2.151300
IL8K1OPS,UKI,UKI-DK-0003-0001,1380,0.000160,0.220800,0.000130,0.179400
IL8K1OPS,UKI,UKI-SD-0001-0001,26530,0.000160,4.244800,0.000130,3.448900
IL8K1OPS,UKI,UKI-DK-0001-0001,192930,0.000160,30.868800,0.000130,25.080900
IL8K1OPS,UKI,UKI-VM-0001-0001,685,0.080000,54.800000,0.067900,46.511500
IL8K1OPS,UKI,UKI-VM-0001-0002,453,0.160000,72.480000,0.136500,61.834500
IL8K1OPS,UKI,UKI-IP-0001-0001,778,0.008000,6.224000,0.007100,5.523800
J8YJGGX5,UKI,UKI-DK-0003-0001,59520,0.000160,9.523200,0.000130,7.737600
J8YJGGX5,UKI,UKI-IP-0001-0001,1488,0.008000,11.904000,0.007100,10.564800
J8YJGGX5,UKI,UKI-SD-0001-0001,89280,0.000160,14.284800,0.000130,11.606400
LQHXU8R9,UKI,UKI-DK-0002-0001,355970,0.000160,56.955200,0.000130,46.276100
LQHXU8R9,UKI,UKI-SD-0001-0001,822880,0.000160,131.660800,0.000130,106.974400
LQHXU8R9,UKI,UKI-DK-0003-0002,7440,0.000160,1.190400,0.000130,0.967200
LQHXU8R9,UKI,UKI-NW-0001-0001,9,0.121000,1.089000,0.007100,0.063900
LQHXU8R9,UKI,UKI-DK-0003-0001,118000,0.000160,18.880000,0.000130,15.340000
LQHXU8R9,UKI,UKI-VM-0001-0003,28,0.320000,8.960000,0.272400,7.627200
LQHXU8R9,UKI,UKI-VM-0001-0011,1,1.280000,1.280000,1.089700,1.089700
LQHXU8R9,UKI,UKI-NW-0002-0001,2510,0.023000,57.730000,0.014900,37.399000
LQHXU8R9,UKI,UKI-DK-0001-0001,1569860,0.000160,251.177600,0.000130,204.081800
LQHXU8R9,UKI,UKI-VM-0001-0001,1435,0.080000,114.800000,0.067900,97.436500
LQHXU8R9,UKI,UKI-VM-0001-0004,120,0.640000,76.800000,0.544900,65.388000
LQHXU8R9,UKI,UKI-IP-0001-0001,8107,0.008000,64.856000,0.007100,57.559700
LQHXU8R9,UKI,UKI-VM-0001-0002,4,0.160000,0.640000,0.136500,0.546000
MFSUSHIJ,UKI,UKI-NW-0001-0001,0,0.121000,0.000000,0.007100,0.000000
MFSUSHIJ,UKI,UKI-DK-0003-0001,46400,0.000160,7.424000,0.000130,6.032000
MFSUSHIJ,UKI,UKI-IP-0001-0001,580,0.008000,4.640000,0.007100,4.118000
MFSUSHIJ,UKI,UKI-SD-0001-0001,46400,0.000160,7.424000,0.000130,6.032000
MFSUSHIJ,UKI,UKI-VM-0001-0002,1160,0.160000,185.600000,0.136500,158.340000
MG9BP62H,UKI,UKI-VM-0001-0004,144,0.640000,92.160000,0.544900,78.465600
MG9BP62H,UKI,UKI-NW-0001-0001,0,0.121000,0.000000,0.007100,0.000000
MG9BP62H,UKI,UKI-VM-0001-0003,13,0.320000,4.160000,0.272400,3.541200
MG9BP62H,UKI,UKI-IP-0001-0001,744,0.008000,5.952000,0.007100,5.282400
MG9BP62H,UKI,UKI-SD-0001-0001,74400,0.000160,11.904000,0.000130,9.672000
MG9BP62H,UKI,UKI-VM-0001-0002,655,0.160000,104.800000,0.136500,89.407500
MG9BP62H,UKI,UKI-DK-0001-0001,5877600,0.000160,940.416000,0.000130,764.088000
NMSWB51U,UKI,UKI-VM-0001-0001,1160,0.080000,92.800000,0.067900,78.764000
NMSWB51U,UKI,UKI-NW-0001-0001,0,0.121000,0.000000,0.007100,0.000000
NMSWB51U,UKI,UKI-DK-0002-0001,11600,0.000160,1.856000,0.000130,1.508000
NMSWB51U,UKI,UKI-IP-0001-0001,1160,0.008000,9.280000,0.007100,8.236000
NMSWB51U,UKI,UKI-SD-0001-0001,23200,0.000160,3.712000,0.000130,3.016000
NMSWB51U,UKI,UKI-VM-0001-0002,580,0.160000,92.800000,0.136500,79.170000
PJZB3WGX,UKI,UKI-NW-0001-0001,0,0.121000,0.000000,0.007100,0.000000
PJZB3WGX,UKI,UKI-DK-0003-0001,30560,0.000160,4.889600,0.000130,3.972800
PJZB3WGX,UKI,UKI-DK-0002-0001,97340,0.000160,15.574400,0.000130,12.654200
PJZB3WGX,UKI,UKI-SD-0001-0001,168170,0.000160,26.907200,0.000130,21.862100
PJZB3WGX,UKI,UKI-NW-0002-0001,87,0.023000,2.001000,0.014900,1.296300
PJZB3WGX,UKI,UKI-DK-0001-0001,287350,0.000160,45.976000,0.000130,37.355500
PJZB3WGX,UKI,UKI-VM-0001-0001,425,0.080000,34.000000,0.067900,28.857500
PJZB3WGX,UKI,UKI-IP-0001-0001,1454,0.008000,11.632000,0.007100,10.323400
S1LJDFKS,UKI,UKI-NW-0001-0001,0,0.121000,0.000000,0.007100,0.000000
S1LJDFKS,UKI,UKI-VM-0001-0003,744,0.320000,238.080000,0.272400,202.665600
S1LJDFKS,UKI,UKI-IP-0001-0001,744,0.008000,5.952000,0.007100,5.282400
S1LJDFKS,UKI,UKI-SD-0001-0001,29760,0.000160,4.761600,0.000130,3.868800
S1LJDFKS,UKI,UKI-DK-0001-0001,74400,0.000160,11.904000,0.000130,9.672000
XEES4RCC,UKI,UKI-DK-0003-0001,29760,0.000160,4.761600,0.000130,3.868800
XEES4RCC,UKI,UKI-NW-0001-0001,15,0.121000,1.815000,0.007100,0.106500
XEES4RCC,UKI,UKI-VM-0001-0003,2723,0.320000,871.360000,0.272400,741.745200
XEES4RCC,UKI,UKI-DK-0002-0001,186000,0.000160,29.760000,0.000130,24.180000
XEES4RCC,UKI,UKI-NW-0002-0001,744,0.023000,17.112000,0.014900,11.085600
XEES4RCC,UKI,UKI-SD-0001-0001,251780,0.000160,40.284800,0.000130,32.731400
XEES4RCC,UKI,UKI-DK-0001-0001,667320,0.000160,106.771200,0.000130,86.751600
XEES4RCC,UKI,UKI-VM-0001-0001,2338,0.080000,187.040000,0.067900,158.750200
XEES4RCC,UKI,UKI-VM-0001-0002,793,0.160000,126.880000,0.136500,108.244500
XEES4RCC,UKI,UKI-IP-0001-0001,4919,0.008000,39.352000,0.007100,34.924900
Y3RXE7SE,UKI,UKI-NW-0001-0001,0,0.121000,0.000000,0.007100,0.000000
Y3RXE7SE,UKI,UKI-VM-0001-0003,215,0.320000,68.800000,0.272400,58.566000
Y3RXE7SE,UKI,UKI-DK-0002-0001,7440,0.000160,1.190400,0.000130,0.967200
Y3RXE7SE,UKI,UKI-NW-0002-0001,744,0.023000,17.112000,0.014900,11.085600
Y3RXE7SE,UKI,UKI-SD-0001-0001,37200,0.000160,5.952000,0.000130,4.836000
Y3RXE7SE,UKI,UKI-DK-0001-0001,163680,0.000160,26.188800,0.000130,21.278400
Y3RXE7SE,UKI,UKI-VM-0001-0001,242,0.080000,19.360000,0.067900,16.431800
Y3RXE7SE,UKI,UKI-VM-0001-0002,726,0.160000,116.160000,0.136500,99.099000
Y3RXE7SE,UKI,UKI-IP-0001-0001,1488,0.008000,11.904000,0.007100,10.564800
YL8I2WAU,UKI,UKI-VM-0001-0001,537,0.080000,42.960000,0.067900,36.462300
YL8I2WAU,UKI,UKI-NW-0001-0001,0,0.121000,0.000000,0.007100,0.000000
YL8I2WAU,UKI,UKI-IP-0001-0001,537,0.008000,4.296000,0.007100,3.812700
YL8I2WAU,UKI,UKI-SD-0001-0001,21480,0.000160,3.436800,0.000130,2.792400
Z91Y5I9A,UKI,UKI-NW-0001-0001,4,0.121000,0.484000,0.007100,0.028400
Z91Y5I9A,UKI,UKI-DK-0003-0001,71040,0.000160,11.366400,0.000130,9.235200
Z91Y5I9A,UKI,UKI-VM-0001-0003,444,0.320000,142.080000,0.272400,120.945600
Z91Y5I9A,UKI,UKI-SD-0001-0001,17760,0.000160,2.841600,0.000130,2.308800
Z91Y5I9A,UKI,UKI-DK-0001-0001,97680,0.000160,15.628800,0.000130,12.698400
Z91Y5I9A,UKI,UKI-DK-0003-0002,293040,0.000160,46.886400,0.000130,38.095200
Z91Y5I9A,UKI,UKI-IP-0001-0001,434,0.008000,3.472000,0.007100,3.081400
ZRHTO27K,UKI,UKI-NW-0001-0001,214,0.121000,25.894000,0.007100,1.519400
ZRHTO27K,UKI,UKI-DK-0002-0001,29760,0.000160,4.761600,0.000130,3.868800
ZRHTO27K,UKI,UKI-SD-0001-0001,267840,0.000160,42.854400,0.000130,34.819200
ZRHTO27K,UKI,UKI-DK-0001-0001,1302000,0.000160,208.320000,0.000130,169.260000
ZRHTO27K,UKI,UKI-VM-0001-0004,2976,0.640000,1904.640000,0.544900,1621.622400
ZRHTO27K,UKI,UKI-IP-0001-0001,2976,0.008000,23.808000,0.007100,21.129600
ZRHTO27K,UKI,UKI-VM-0001-0002,3720,0.160000,595.200000,0.136500,507.780000
