IMG_RJQCUJZAOUDUI8ZFSWAQ,CentOS6.2
IMG_P54RHGWT5ALQCAHWZ7YA,CentOS6.2
IMG_f3c827_U8GC2WWLIHD4ZY8,RHEL5.7
IMG_f3c827_X1VOFLPVV7WKT4HS,RHEL5.7
IMG_f3c827_M16O99LFMHB9XC,CentOS5.4
IMG_f3c827_E61BAVFYWEM8,CentOS6.2
IMG_f3c827_S24EV5K1LNNFSAO,CentOS6.2
IMG_f3c827_D30JE1F1DSSG,Win2008SE
IMG_f3c827_N2DYPOD0KQG9VK,CentOS6.2
IMG_f3c827_83EEC552EWW,CentOS6.2
IMG_f3c827_71P22GDTW1S,RHEL5.7
IMG_SJWFAH7T6F9PCTPANOII,CentOS6.2
IMG_f3c827_P9JXXY4CK41AM8,Win2008SE
IMG_f3c827_W2k8R2SP1SEwSPT,Win2008SE
IMG_f3c827_5F88QGP9PC,RHEL5.7
IMG_f3c827_P9HP1Y1JCV4QV4,Win2003SV
IMG_f3c827_GO6DZLR07X8G,CentOS6.2
IMG_f3c827_U8FUJCNELM6OBUO,CentOS 5.4
IMG_f3c827_OSSDevSup20121108,CentOS6.2
IMG_f3c827_LLGU5LI854POG,CentOS6.2
IMG_f3c827_VGW78YI4UBSVK74,CentOS 5.4
IMG_f3c827_S24EOVRCRCTN0N4,Win2008SE
IMG_CZJM2YMISA7FYXYOLU3S,RHEL6.2
IMG_f3c827_GO2TN5ANXSZK,Win2008EE
IMG_f3c827_T48V2NRTXVF0JY8,RHEL6.2
IMG_f3c827_U8HRQHBWYL5ZI81,RHEL6.2
IMG_f3c827_ADKFCXSBDA8,Win2008SE
IMG_f3c827_M16VNL3TQ5EXVK,CentOS6.2
IMG_f3c827_J5CFYXM5SUADC,CentOS 5.4
IMG_ODVSFYPV6Q6UPI1BQCI8,CentOS6.2
IMG_f3c827_M16VUUYD3EFE9S,Win2008SE
IMG_f3c827_E61KZ5F3OHZ4,RHEL5.7
IMG_f3c827_47NG3CX4LS,CentOS6.2
IMG_f3c827_P9IB2MP8VZEKU8,Win2003SE
IMG_45LMJKXMAPH03FJV3EHU,CentOS6.2
IMG_f3c827_O4RXGGW3MPMGW0,CentOS6.2
IMG_f3c827_33TF0G4TVK,Win2008SE
IMG_H4LPPVM02FPWLWRZRNOR,RHEL6.2
IMG_f3c827_5FASH1XVZ4,CentOS6.2
IMG_f3c827_21WONY7KTO,Win2008EE
IMG_f3c827_O4RIOVFNJW3J7K,Win2008SE
IMG_f3c827_Z7IOA47ED7SCUNSW,Win2008SE
IMG_f3c827_C1I9Y5A5JOJK,CentOS6.2
IMG_f3c827_VGWO11ZXXKFHH4W,RHEL5.7
IMG_X8STGDOZ4BQFYM0DWDIV,CentOS6.2
IMG_FSR8BTQDTQJAWK6UOZXA,CentOS6.2
IMG_f3c827_W2k8R2SP1SE,Win2008SE
IMG_WWIL4HY2Z2WEHAFKUS6T,CentOS6.2
IMG_f3c827_71P1W866HZ4,CentOS6.2
IMG_f3c827_Y3R1J2B3E5IKJRWG,CentOS 5.4
IMG_f3c827_VGWZQAIB6S725MO,Win2008SE
IMG_f3c827_5F8I3L7DB4,CentOS6.2
IMG_f3c827_E61LIJ1AISQO,CentOS6.2
IMG_EVRJQTVYYLJA36PQOSU1,CentOS6.2
IMG_f3c827_X1VHPHSEAYFARCW0,Win2003SV
IMG_VKDWSCSEZ0WXZBLLLMCC,Win2003SE
IMG_f3c827_83DW1PLHWCG,Win2008SE
IMG_YEXG0NDTE3ZLH8WQNMBB,CentOS6.2
IMG_K3DIMX3KZSRQQPVHMPCB,CentOS6.2
IMG_f3c827_6ULL4GO51C,CentOS6.2
IMG_QDI88GYAANDMWX2D1M0J,RHEL6.2
IMG_f3c827_GO6C2NV1SWE8,RHEL5.7
IMG_f3c827_1YALA9I9O,CentOS6.2
IMG_f3c827_D30SIBZEI7EO,CentOS6.2
IMG_HW0ISJE4LUHYKYPNJZGC,CentOS6.2
IMG_f3c827_Y3RC4T2YIKFQK2KG,RHEL5.7
IMG_UAOP476W0JHWIZENDMMS,Win2003SE
IMG_f3c827_BR76R9E4AGW,CentOS6.2
IMG_4XERKDWLTRQIZ0BJTQHJ,Win2008EE
IMG_f3c827_ADLOL9JRCOW,CentOS6.2
IMG_714GPXHXGRZFH6QZDQZC,CentOS6.2
IMG_Q4IK8WYRFVGHWY2L7QZ6,CentOS6.2
IMG_f3c827_M16Z7XR4BB9VR4,CentOS6.2
IMG_AO5KEXXVTMICEBSAEOT3,CentOS6.2
IMG_f3c827_W2k8R2SP1EE,Win2008EE
IMG_f3c827_H1CD3ECR7XS74,CentOS6.2
IMG_LKJ9NDZYEOBEMBWT6Y4F,RHEL6.2
IMG_f3c827_5F9H8I4VWG,RHEL6.2
IMG_f3c827_5FAW3JFV5S,CentOS6.2
IMG_f3c827_VGVGKQXKIOY5S74,Win2003SV
IMG_f3c827_X1VRCTTKCWJMI8ZK,CentOS6.2
IMG_f3c827_0H65UCEPJ,RHEL5.7
IMG_f3c827_D30NMUBDRYF4,CentOS6.2
IMG_f3c827_U8HRQHBWYL5ZI80,RHEL6.2
IMG_f3c827_ADKFL84BX1C,CentOS6.2
IMG_f3c827_P9JX55SBIS79J4,CentOS6.2
IMG_f3c827_N2DRPPWPQ0JCW0,RHEL5.7
IMG_EWYRGUNOKKRIXLTFAXDI,CentOS6.2
IMG_f3c827_21WOTY0MYG,CentOS6.2
IMG_8EDMIJBVEMZFIEISWBVQ,CentOS6.2
IMG_f3c827_71OZ8D9RBLS,RHEL5.7
IMG_f3c827_71P704AFKOW,CentOS6.2
IMG_f3c827_GO6JNAA7CDTS,CentOS6.2
IMG_f3c827_D30JNBX8UQYO,Win2003SE
IMG_f3c827_QJ3U4V626Q4GSG,CentOS6.2
IMG_f3c827_KAP6DR0C0EU4G,Win2003SE
IMG_f3c827_Z7JOT0DB1WPWQ51C,CentOS6.2
IMG_f3c827_0H5AUAOY5,CentOS6.2
IMG_BNQ3UQ3KNLUYKKPS5FQQ,CentOS6.2
IMG_f3c827_GO496X6QILMO,RHEL5.7
IMG_OCOQGXHAMIUDKU6PDHUT,CentOS6.2
IMG_FYV3RAEZBF1ADAKCPZRF,CentOS6.2
IMG_f3c827_U8HRPKPY0CRKU0W,CentOS6.2
IMG_DO8ZUMHULWD5SFELCFUT,CentOS6.2
IMG_f3c827_J5DGD1BW9RYF4,CentOS6.2
IMG_WZJW05IELRZWAVWOL2EQ,CentOS6.2
IMG_0MKNPZYQJ2ZW03WQRDJQ,CentOS6.2
IMG_f3c827_FC36LWVBS1Z4,CentOS6.2
IMG_f3c827_R11XKE2Z6JGSZR4,Win2008SE
IMG_f3c827_Y3RVAS6Q925JRCOW,CentOS6.2
IMG_f3c827_ADKFBKGKTTS,RHEL6.2
IMG_IKBLBP8MQJSAISY6CHCM,CentOS6.2
IMG_f3c827_I2OPJQX1WVUGW,CentOS6.2
IMG_f3c827_U8HPFXC2QLWY4N4,CentOS6.2
IMG_f3c827_QJ3U4DB3F6M0W0,CentOS6.2
IMG_f3c827_ADLKD8MXE68,RHEL5.7
IMG_f3c827_WXVOE0K4A2SZSOW,CentOS6.2
IMG_f3c827_1Y7FO33PE,Win2003SV
IMG_f3c827_ADKF6E5Y1A8,CentOS6.2
IMG_f3c827_GO6DZLQTE3UO,CentOS6.2
IMG_f3c827_OSSRubPos20121108,CentOS6.2
IMG_f3c827_ADIIQCDPREO,CentOS 5.4
IMG_f3c827_WXZ2R9Y2NPT2JGG,CentOS6.2
IMG_f3c827_KAQT8TQCMGAO0,Win2008EE
IMG_f3c827_6ULKCN4HOG,RHEL6.2
IMG_f3c827_71P71HEVFGG,Win2008SE
IMG_VNGEDSXKPOGE620VBOUJ,Win2008EE
IMG_f3c827_H1C4UD5EMND34,RHEL6.2
IMG_OGJU7ZERHWRLLYSCYOYN,CentOS6.2
IMG_f3c827_O4RZC56ECBZ56O,RHEL6.2
IMG_OKDHUOG7VC9KGS8K5EMQ,CentOS6.2
IMG_f3c827_Z7IINPJCFH3YFABK,Win2008SE
IMG_f3c827_GO5VSJCED3B4,CentOS5.6
IMG_f3c827_H1C4IKMB5HGQO,CentOS6.0
IMG_f3c827_P9JX3FAHWCK7PC,CentOS6.2
IMG_f3c827_96SSP626W3K,CentOS6.2
IMG_f3c827_T48UPQQB0RS63NK,CentOS6.2
IMG_f3c827_S24EPL2OWE307B4,Win2008SE
IMG_MF0FNS5XQBQ1U8LDSSNP,CentOS6.2
IMG_O53T4V7E7E5Y5SRJNMNI,CentOS6.2
IMG_f3c827_6UM2SJ9D34,CentOS6.2
IMG_3MLQYJLAU5U8PGBWYOE8,RHEL6.2
IMG_ECGJQSDUNOHGHMMUFMSA,CentOS6.2
IMG_f3c827_E60S6S9T47I8,CentOS6.2
IMG_f3c827_LLHODZ2Q99KAO,CentOS6.2
IMG_f3c827_KAQWS0YTDPGCG,CentOS6.2
IMG_f3c827_Y3RVAE4KN6MMGS1S,CentOS6.2
IMG_f3c827_O4R61U1D4V9NUO,Win2003SE
IMG_f3c827_H1C8M7CRWXTKW,RHEL5.7
IMG_f3c827_Y3RRKCRMI6QAJX1C,CentOS5.6
IMG_f3c827_96R8UYXLBSW,Win2003SV
IMG_f3c827_J5C7ER5DOYFPC,CentOS 5.4
IMG_f3c827_6ULRZC7APS,RHEL6.2
IMG_CA2KH3L5DBERJHFEABKK,CentOS6.2
IMG_MBWR6QCEB5GUCVQNM7U6,CentOS6.2
IMG_XJMMHKAA9DHIQBXNIABO,CentOS6.2
IMG_f3c827_M16STFRC7YUDXC,CentOS5.4
IMG_MSQVYAZ91GMNMSTPMEYD,CentOS6.2
IMG_f3c827_1YCEDBE5G,CentOS6.2
IMG_f3c827_H1C52XP42R7CW,RHEL6.2
IMG_f3c827_R127RNXY2O4EQ68,RHEL6.2
IMG_f3c827_0H3PV5MZ9,Win2003SV
IMG_f3c827_FC36XX8JDI4G,CentOS6.2
IMG_3O7R4VEKLKTA80VFLAXM,CentOS6.2
IMG_YKQSSUUPVCDBTHKAJH1V,CentOS6.2
IMG_f3c827_BR3HLGZH8G0,RHEL5.7
IMG_f3c827_96R8U98XX4W,Win2003SV
IMG_f3c827_O4RIMY5VSK1TKW,RHEL6.2
IMG_f3c827_BR7D06ATXC0,CentOS6.2
IMG_f3c827_WXVPF2EBA5JEPKW,Win2008SE
IMG_f3c827_ADJHDN6XX4W,CentOS5.4
IMG_f3c827_VGYMZ9ZOK9TKPOG,CentOS6.2
IMG_f3c827_47NEA45WRK,CentOS6.2
IMG_f3c827_O4RYIYV0XV3O5C,CentOS6.2
IMG_G66IFR8QIWJJS3YX9GVV,CentOS6.2
IMG_f3c827_S23YN00Q1TW81Z4,CentOS 5.4
IMG_f3c827_96SSPVHD8N4,CentOS6.2
IMG_VKC8YICG9F474KDEXSAF,CentOS6.2
IMG_HUY4N3JW5S43LWSUFLWO,CentOS6.2
IMG_f3c827_6UHJMBU7WG,CentOS6.2
IMG_f3c827_N2DRCODKKJUJ9C,Win2003SE
IMG_f3c827_S24FOF6VC9I3E2O,Win2008EE
IMG_f3c827_T48UP6W6PCSHR7K,CentOS6.2
IMG_f3c827_QJ3U8C5369Z75S,CentOS6.2
IMG_f3c827_VCIS20121031,VCIS
IMG_f3c827_N2DGH8ONM0DATC,CentOS 5.4
IMG_CDDS29GHQCHJ6XS8CCWW,Win2003SE
IMG_f3c827_N2DYJ79K4K64G0,Win2008SE
IMG_f3c827_R127O9QCK19BV9C,CentOS6.2
IMG_f3c827_BR7D9CSH0CG,CentOS6.2
IMG_GU07GAJCQVWVXQQHW0FX,Win2003SE
IMG_f3c827_Z7JOUYT5Q142X69S,CentOS6.2
IMG_f3c827_WXYYYE1Q32VAL1C,RHEL5.7
IMG_f3c827_C1I9OZB7ZW1S,RHEL5.7
IMG_f3c827_QJ3O9UZ23LQOLC,RHEL5.7
IMG_R6NNKZMFBIUG7ZDHL3UB,CentOS6.2
IMG_f3c827_6UHGWDI2YO,CentOS6.2
IMG_f3c827_21WONDBWQW,RHEL5.7
IMG_f3c827_33TQZ299B5,RHEL6.2
IMG_f3c827_BR31DA2FYTC,CentOS5.4
IMG_f3c827_O4RB69OUBPLKHS,RHEL5.7
IMG_f3c827_P9HTMNSJO068E8,CentOS 5.4
IMG_f3c827_ADLOJHZOYKG,CentOS6.2
IMG_f3c827_6ULL6UGV40,CentOS6.2
IMG_66OIOB1P74ENUA3BMLKK,CentOS6.2
IMG_f3c827_BR6MBB1GCG0,CentOS5.6
IMG_f3c827_KAPX7FR52MM80,RHEL5.7
IMG_f3c827_E61KZSJOHJB4,RHEL5.7
IMG_FBFYMYDMZXVBZU5RJHPX,Win2003SE
IMG_f3c827_U8HNH23K55AA3UO,CentOS6.2
IMG_8AGJQFXXA2MPYVOGF3CY,CentOS6.2
IMG_f3c827_6UGWFY2LDS,CentOS5.4
IMG_E9AR57MQIUGZW4FUDWZ6,CentOS6.2
IMG_f3c827_R127FJSB9F215HC,CentOS6.2
IMG_f3c827_J5D7H6CHHMPKW,CentOS6.2
IMG_f3c827_6UGPQPU0XS,CentOS5.4
IMG_f3c827_QJ3VVW8XBG2KG0,Win2008SE
IMG_f3c827_33T6YO4360,CentOS6.2
IMG_f3c827_47M8QBOR8G,Win2003SE
IMG_f3c827_83EECEOA874,CentOS6.2
IMG_f3c827_N2DF3JRKQ4XGXS,Win2003SV
IMG_f3c827_VGZAWCPOXGDBYF4,CentOS6.2
IMG_f3c827_21WVJ2K5P8,CentOS6.2
IMG_f3c827_RFT20121108,Win2008SE
IMG_f3c827_M16ZYE4MU24F7K,CentOS6.2
IMG_f3c827_P9J1CS8HTCDS74,Win2008SE
IMG_f3c827_0H5DIFJZO,CentOS6.2
IMG_XNXA1QBIDZBKQGCDGR1X,Win2003SE
IMG_f3c827_U8GXTY7C9X33DVK,CentOS6.2
IMG_f3c827_FC0ZYLUUJ3SW,CentOS 5.4
IMG_f3c827_E60HYFFVVJLS,CentOS 5.4
IMG_f3c827_KAOEQOVG11NUO,CentOS 5.4
IMG_JEMY7OTWPIWLNNQMRHFQ,CentOS6.2
IMG_f3c827_5FA2OIMNHC,CentOS6.2
IMG_f3c827_6UM0JDRYKG,CentOS6.2
IMG_f3c827_C1I5ZAQF8WZK,Win2008SE
IMG_f3c827_5FB0PW4ICG,RHEL6.2
IMG_LF0WTP49JNLO9X94NGBF,CentOS6.2
IMG_f3c827_C1IEPYXQN0G0,CentOS6.2
IMG_f3c827_X1VXOCSTJE7HQYV4,CentOS6.2
IMG_FPXSNTRJUDWHCMOOZTUN,CentOS6.2
IMG_f3c827_M16PN1IREJMBR4,CentOS 5.4
IMG_AGNGFRPDNCSHBSKDRCED,CentOS6.2
IMG_f3c827_E61NTF2RBB40,Win2008EE
IMG_f3c827_0H5BTWXUU,CentOS5.4
IMG_f3c827_GO6K09MVCFEO,Win2008SE
IMG_f3c827_P9J19WBNI22UBK,CentOS6.2
IMG_MQANMZXRGSVL6HY9XTKA,CentOS6.2
IMG_f3c827_1Y9SV393S,RHEL5.7
IMG_f3c827_WXT2EPWKF226CQO,RHEL6.2
IMG_W7NZQKHWFWMDIRRXDYRF,CentOS6.2
IMG_f3c827_BR7D8NDF08W,CentOS6.2
IMG_DWKOYIFYI3VMRU65AEUU,CentOS6.2
IMG_f3c827_WXZ2VJ41ZBCE03K,CentOS6.2
IMG_f3c827_6ULL1ANDA8,CentOS6.2
IMG_4TJ8RVETHUMFFD0PDFBP,CentOS6.2
IMG_f3c827_FC0ZW24UG2RK,CentOS 5.4
IMG_f3c827_33TQZ299B4,RHEL6.2
IMG_f3c827_33TD9O8FCG,CentOS6.2
IMG_f3c827_O4RYXWL7YDMZ28,Win2008EE
IMG_f3c827_Y3RIS1DJJZS7J9XC,Win2008SE
IMG_f3c827_O4RPD6PTV2M800,CentOS6.2
IMG_f3c827_21WOSUM3PW,RHEL6.2
IMG_f3c827_GO6DWGRT3GN4,CentOS6.2
IMG_f3c827_1YFIT4976,RHEL5.7
IMG_f3c827_71OYXUHKVI8,RHEL5.7
IMG_f3c827_P9JUUPFY53WCU8,CentOS6.2
IMG_EKLPVPUVNRTN3YMUPREY,CentOS6.2
IMG_f3c827_I2OH84YSP5X4W,RHEL5.7
IMG_Z5GB6EO9T9FOUWDDFQG4,CentOS6.2
IMG_f3c827_47NG2D6340,CentOS6.2
IMG_f3c827_M16ZMV6HAQKMBK,CentOS6.2
IMG_f3c827_P9JZODXIVFR5KW,CentOS6.2
IMG_f3c827_H1C5DL99UG8AO,CentOS5.4
IMG_f3c827_I2OQ6XQBBCV7K,CentOS6.2
IMG_f3c827_H1C8Q4CYPDOU8,CentOS6.2
IMG_ZEJLDP4KV4HIZXC7XEUC,CentOS6.2
IMG_f3c827_J5CIYEDBXB2TC,RHEL5.7
IMG_f3c827_D30E3GYN7QBK,RHEL5.7
IMG_f3c827_P9IKJM0HZ1MBCW,Win2008SE
IMG_f3c827_W2k8R2SP1EEwSPT,Win2008EE
IMG_f3c827_X1VX77BUVXLY641S,CentOS6.2
IMG_f3c827_83DYA8KB4E8,RHEL5.7
IMG_CRECCPNAQTSZC8FM2V4B,CentOS6.2
IMG_OKMXDQ7ABCX2ITK0ECZJ,CentOS6.2
IMG_f3c827_83EF54ZKDTS,CentOS6.2
IMG_f3c827_33T7B8SMFK,Win2003SE
IMG_ZWBGTFB8EWHW2HI90SGL,RHEL6.2
IMG_f3c827_VGZAXOBSN8TLCLC,CentOS6.2
IMG_WPWGTEC0B0EZTFCHJ4JB,CentOS6.2
IMG_f3c827_Z7IK6I6MOCE6YFB4,CentOS6.2
IMG_f3c827_71P7KPA5W5C,CentOS6.2
IMG_f3c827_BR7D9CS5TDS,CentOS6.2
IMG_f3c827_71OTC6SDTA8,CentOS 5.4
IMG_f3c827_47NDMRY1QO,Win2008EE
IMG_f3c827_S248C09X16JFAWW,CentOS6.2
IMG_f3c827_96S7LDINHFK,CentOS6.2
IMG_WZ7TTJ4D2IEBTP2R3UCH,CentOS6.2
IMG_f3c827_BR4UEWYPMGW,RHEL5.7
IMG_f3c827_M16XNFIKQQBKSG,CentOS6.2
IMG_f3c827_X1VX792HANVZ4HDS,CentOS6.2
IMG_VOKSKWFMRCDRBKKYXTJI,CentOS6.2
IMG_f3c827_33TQLPKLYG,Win2008EE
IMG_HR2CLETXE79TTMZJLWHO,CentOS6.2
IMG_f3c827_E60SQLUGQ7EO,Win2008SE
IMG_f3c827_P9HE04NMV7GB9C,CentOS5.4
