1RX9VPKQ-YF2RDGOUA,DETACHED
1RX9VPKQ-YF2RDGOUA,DETACHED
1RX9VPKQ-YF2RDGOUA,DETACHED
1RX9VPKQ-YF2RDGOUA,DETACHED
1RX9VPKQ-YF2RDGOUA,DETACHED
1RX9VPKQ-YF2RDGOUA,DETACHED
1RX9VPKQ-YF2RDGOUA,DETACHED
1RX9VPKQ-YF2RDGOUA,DETACHED
1RX9VPKQ-YF2RDGOUA,DETACHED
1RX9VPKQ-YF2RDGOUA,DETACHED
1RX9VPKQ-3K7XX9769,DETACHED
1RX9VPKQ-VCZPP76UG,DETACHED
1RX9VPKQ-VCZPP76UG,DETACHED
1RX9VPKQ-N4S1GJ4R3,ATTACHED
2CVKG3JH-2J6VBHSPD,DETACHED
2CVKG3JH-4L82118U7,DETACHED
2RWGRE7S-8PC63SFK3,DETACHED
2RWGRE7S-TAYXE7TXX,ATTACHED
2RWGRE7S-TAYXE7TXX,ATTACHED
2XU5EPD5-BSF0WIHNV,ATTACHED
47SH8MTX-ZG38SIUMA,ATTACHED
47SH8MTX-ZG38SIUMA,DETACHED
9RW2SX1M-5M9Y7MCPA,DETACHED
B7CG3ICQ-O5SPVF6G8,ATTACHED
BWVV1CVN-8PD8HPIMR,ATTACHED
FL259OHU-6NAPA090M,ATTACHED
GYANE3YW-FWJLDLNQ6,ATTACHED
I0MNJUP4-O5TO8T7E6,DETACHED
I0MNJUP4-5MA6UYTT0,DETACHED
I0MNJUP4-K1PLC9PIR,DETACHED
I0MNJUP4-EVJHJ3O62,DETACHED
I0MNJUP4-BSGP88W60,DETACHED
KON21EV4-R8V3ICYAB,ATTACHED
KPKOFZCC-XE27JDDAR,ATTACHED
KPKOFZCC-XE27J34T1,ATTACHED
L4YXMMP1-8PDMVLLJJ,DETACHED
LMK6NLBK-WD0F27UNL,ATTACHED
LTM6S1IE-VCZGQZJJ8,DETACHED
LVDMJL47-HYK7695MS,ATTACHED
LVDMJL47-HYK7A3386,DETACHED
NT52LI7Z-FWJOUKDFQ,ATTACHED
NT52LI7Z-O5SXBPD3G,DETACHED
NT52LI7Z-O5SXBPD3G,ATTACHED
NT52LI7Z-O5SXBPD3G,ATTACHED
O6BP6QKY-VCZO1B3JJ,DETACHED
O6BP6QKY-VCZO1B3JJ,DETACHED
O6BP6QKY-ARFL1SPKP,ATTACHED
QDNVEEF6-TAXZR1LRP,ATTACHED
QKGBH4JI-R8VAXXNBC,ATTACHED
RDIBO08N-K1OR8LLVA,ATTACHED
SULSJAS3-K1OJPS4WJ,DETACHED
YWPHKZIK-7OBTDDEXZ,ATTACHED
