IMG_f3c827_BR3HLGZH8G0,Red Hat Enterprise Linux 5.7 32bit (Japanese)
IMG_f3c827_96R8U98XX4W,Windows2003 Server SE SP2
IMG_f3c827_M16PN1IREJMBR4,CentOS5.4 ST用
IMG_f3c827_U8GC2WWLIHD4ZY8,Red Hat Enterprise Linux 5.7 32bit (Japanese)
IMG_f3c827_71OZ8D9RBLS,Red Hat Enterprise Linux 5.7 64bit (Japanese),Symantec AntiVirus for Linux 1.0,NetVault Backup Client for Linux with Support
IMG_f3c827_X1VOFLPVV7WKT4HS,Red Hat Enterprise Linux 5.7 64bit (Japanese),NetVault Backup Server for Linux with Support,NetVault Backup SmartDisk for Linux with Support,Symantec AntiVirus for Linux 1.0
IMG_f3c827_M16O99LFMHB9XC,CentOS 5.4 64bit (Japanese)
IMG_f3c827_0H5BTWXUU,CentOS 5.4 32bit (Japanese)
IMG_f3c827_WXT2EPWKF226CQO,Red Hat Enterprise Linux 6.2 64bit (Japanese),Symantec AntiVirus for Linux 1.0
IMG_f3c827_ADJHDN6XX4W,CentOS 5.4 32bit (Japanese)
IMG_f3c827_1Y9SV393S,Red Hat Enterprise Linux 5.7 32bit (Japanese)
IMG_f3c827_KAP6DR0C0EU4G,Windows Server 2003 R2 SE 32bit SP2 (Japanese),Symantec Endpoint Protection 11.0 (Japanese)
IMG_f3c827_0H5AUAOY5,CentOS 6.2 32bit (English)
IMG_f3c827_S23YN00Q1TW81Z4,CentOS5.4 ST用
IMG_f3c827_5F88QGP9PC,Red Hat Enterprise Linux 5.7 32bit (Japanese)
IMG_f3c827_6UHJMBU7WG,CentOS 6.2 32bit (English)
IMG_f3c827_P9HP1Y1JCV4QV4,Windows2003 Server SE SP2
IMG_f3c827_U8FUJCNELM6OBUO,CentOS5.4 ST用
IMG_f3c827_FC0ZW24UG2RK,CentOS5.4 ST用
IMG_f3c827_VGW78YI4UBSVK74,CentOS5.4 ST用
IMG_f3c827_GO2TN5ANXSZK,Windows Server 2008 R2 EE 64bit (Japanese),Symantec Endpoint Protection 11.0 (Japanese)
IMG_f3c827_R11XKE2Z6JGSZR4,Windows Server 2008 R2 SE 64bit (Japanese)
IMG_f3c827_N2DGH8ONM0DATC,CentOS5.4 ST用
IMG_f3c827_71OYXUHKVI8,Red Hat Enterprise Linux 5.7 32bit (Japanese)
IMG_f3c827_J5CFYXM5SUADC,CentOS5.4 ST用
IMG_f3c827_1Y7FO33PE,Windows2003 Server SE SP2
IMG_f3c827_P9IB2MP8VZEKU8,Windows Server 2003 R2 SE 32bit SP2 (Japanese),Symantec Endpoint Protection 11.0 (Japanese)
IMG_f3c827_6UHGWDI2YO,CentOS 6.2 32bit (English)
IMG_f3c827_ADIIQCDPREO,CentOS5.4 ST用
IMG_f3c827_Z7IOA47ED7SCUNSW,Windows Server 2008 R2 SE 64bit (Japanese),Symantec Endpoint Protection 11.0 (Japanese)
IMG_f3c827_O4RB69OUBPLKHS,Red Hat Enterprise Linux 5.7 64bit (Japanese),NetVault Backup Server for Linux with Support,NetVault Backup SmartDisk for Linux with Support,Symantec AntiVirus for Linux 1.0
IMG_f3c827_H1C4UD5EMND34,Red Hat Enterprise Linux 6.2 32bit (Japanese),Symantec AntiVirus for Linux 1.0
IMG_f3c827_BR31DA2FYTC,CentOS 5.4 32bit (Japanese)
IMG_f3c827_P9HTMNSJO068E8,CentOS5.4 ST用
IMG_f3c827_VGWO11ZXXKFHH4W,Red Hat Enterprise Linux 5.7 32bit (Japanese)
IMG_f3c827_Z7IINPJCFH3YFABK,Windows Server 2008 R2 SE 64bit (Japanese)
IMG_f3c827_H1C5DL99UG8AO,CentOS 5.4 32bit (Japanese)
IMG_f3c827_H1C4IKMB5HGQO,CentOS 6.0 64bit (English)
IMG_f3c827_Y3R1J2B3E5IKJRWG,CentOS5.4 ST用
IMG_f3c827_5F8I3L7DB4,CentOS 6.2 32bit (English)
IMG_f3c827_VGWZQAIB6S725MO,Windows Server 2008 R2 SE 64bit (Japanese),Symantec Endpoint Protection 11.0 (Japanese)
IMG_f3c827_6UGWFY2LDS,CentOS 5.4 64bit (Japanese)
IMG_f3c827_X1VHPHSEAYFARCW0,Windows2003 Server SE SP2
IMG_f3c827_J5CIYEDBXB2TC,Red Hat Enterprise Linux 5.7 64bit (Japanese)
IMG_f3c827_83DW1PLHWCG,Windows Server 2008 R2 SE 64bit (Japanese),Symantec Endpoint Protection 11.0 (Japanese)
IMG_f3c827_6UGPQPU0XS,CentOS 5.4 64bit (Japanese)
IMG_f3c827_D30E3GYN7QBK,Red Hat Enterprise Linux 5.7 32bit (Japanese)
IMG_f3c827_P9IKJM0HZ1MBCW,Windows Server 2008 R2 SE 64bit (Japanese),Symantec Endpoint Protection 11.0 (Japanese)
IMG_f3c827_33T6YO4360,CentOS 6.2 32bit (English)
IMG_f3c827_47M8QBOR8G,Windows Server 2003 R2 SE 32bit SP2 (Japanese),Symantec Endpoint Protection 11.0 (Japanese)
IMG_f3c827_1YALA9I9O,CentOS 6.2 32bit (English)
IMG_f3c827_E60S6S9T47I8,CentOS 6.2 32bit (English)
IMG_f3c827_83DYA8KB4E8,Red Hat Enterprise Linux 5.7 64bit (Japanese),NetVault Backup Client for Linux with Support,Symantec AntiVirus for Linux 1.0
IMG_f3c827_N2DF3JRKQ4XGXS,Windows2003 Server SE SP2
IMG_f3c827_Y3RC4T2YIKFQK2KG,Red Hat Enterprise Linux 5.7 32bit (Japanese)
IMG_f3c827_33T7B8SMFK,Windows Server 2003 R2 SE 32bit SP2 (Japanese),Symantec Endpoint Protection 11.0 (Japanese)
IMG_f3c827_0H5DIFJZO,CentOS 6.2 64bit (English)
IMG_f3c827_Z7IK6I6MOCE6YFB4,CentOS 6.2 64bit (English)
IMG_f3c827_O4R61U1D4V9NUO,Windows Server 2003 R2 SE 32bit SP2 (Japanese),Symantec Endpoint Protection 11.0 (Japanese)
IMG_f3c827_96R8UYXLBSW,Windows2003 Server SE SP2
IMG_f3c827_FC0ZYLUUJ3SW,CentOS5.4 ST用
IMG_f3c827_J5C7ER5DOYFPC,CentOS5.4 ST用
IMG_f3c827_E60HYFFVVJLS,CentOS5.4 ST用
IMG_f3c827_71OTC6SDTA8,CentOS5.4 ST用
IMG_f3c827_M16STFRC7YUDXC,CentOS 5.4 32bit (Japanese)
IMG_f3c827_KAOEQOVG11NUO,CentOS5.4 ST用
IMG_f3c827_H1C52XP42R7CW,Red Hat Enterprise Linux 6.2 32bit (Japanese),Symantec AntiVirus for Linux 1.0
IMG_f3c827_VGVGKQXKIOY5S74,Windows2003 Server SE SP2
IMG_f3c827_0H3PV5MZ9,Windows2003 Server SE SP2
IMG_f3c827_E60SQLUGQ7EO,Windows Server 2008 R2 SE 64bit (Japanese) with Support,SQLServer 2008 R2 SE (Japanese) with Support,Symantec Endpoint Protection 11.0 (Japanese)
IMG_f3c827_P9HE04NMV7GB9C,CentOS 5.4 32bit (Japanese)
IMG_f3c827_C1I5ZAQF8WZK,Windows Server 2008 R2 SE 64bit (Japanese),SQLServer 2008 R2 SE (Japanese),Symantec Endpoint Protection 11.0 (Japanese)
