8TNNPM4T-BRAQDQ91D,DETACHED
8TNNPM4T-BRAQDQ91D,DETACHED
8TNNPM4T-BRAQDQ91D,DETACHED
BHB1JNRX-4L6ZQ9PB9,DETACHED
GWR0Y8JD-BR278ZD7O,ATTACHED
GWR0Y8JD-BR278ZD7O,ATTACHED
KDAUT0Z8-Q7TSCH6BT,ATTACHED
KDAUT0Z8-7OAAVFIPZ,ATTACHED
KDAUT0Z8-7OAAVFIPZ,DETACHED
KDAUT0Z8-7OAAVFIPZ,DETACHED
KDAUT0Z8-7OAAVFIPZ,DETACHED
KDAUT0Z8-7OAAVFIPZ,DETACHED
KDAUT0Z8-7OAAVFIPZ,DETACHED
KDAUT0Z8-7OAAVFIPZ,DETACHED
KDAUT0Z8-YF11MCA13,DETACHED
KDAUT0Z8-YF11MCA13,DETACHED
KDAUT0Z8-YF11MCA13,DETACHED
KDAUT0Z8-YF11MCA13,DETACHED
KDAUT0Z8-YF11MCA13,DETACHED
KDAUT0Z8-YF11MCA13,DETACHED
KDAUT0Z8-YF11MCA13,DETACHED
KDAUT0Z8-YF11MCA13,DETACHED
KDAUT0Z8-YF11MCA13,DETACHED
KDAUT0Z8-YF11MCA13,DETACHED
KDAUT0Z8-XE00PKBQZ,ATTACHED
KDAUT0Z8-7OAAVFIPZ,DETACHED
KDAUT0Z8-L2OWOQUB4,ATTACHED
KDAUT0Z8-L2OWOQUB4,DETACHED
KDAUT0Z8-L2OWOQUB4,DETACHED
KDAUT0Z8-ZG07H1199,ATTACHED
KDAUT0Z8-ZG22RK43O,ATTACHED
KDAUT0Z8-9QCW638W7,ATTACHED
KDAUT0Z8-GXJ3D9WH7,ATTACHED
KDAUT0Z8-Q7TMDYTFQ,ATTACHED
KDAUT0Z8-EVHA9O5E1,ATTACHED
L6WSO2JB-S8RGJQCJV,DETACHED
L6WSO2JB-DTC76HRLK,DETACHED
L6WSO2JB-CTDA0FK0Y,DETACHED
Q51345R0-TAW6JJYIS,DETACHED
VFJPX0I6-FWIMFVZAU,ATTACHED
VFJPX0I6-IZLOCSI0R,ATTACHED
VFJPX0I6-5M8QLCKIW,DETACHED
