ContractID,HostRegion,Product ID,Unit,EUR List Price(per unit),EUR List Price,EUR Transfer Price(per unit),EUR Transfer Price
05WIDFAG,DEU,DEU-IP-0001-0001,1488,0.010000,14.880000,0.008700,12.945600
05WIDFAG,-,Total,-,-,14.88,-,12.9456
0LP0FQ90,DEU,DEU-VM-0001-0002,1488,0.973000,1447.824000,0.167700,249.537600
0LP0FQ90,DEU,DEU-NW-0001-0001,9,0.010200,0.091800,0.008700,0.078300
0LP0FQ90,DEU,DEU-IP-0001-0001,744,0.010000,7.440000,0.008700,6.472800
0LP0FQ90,DEU,DEU-SD-0001-0001,59520,0.000190,11.308800,0.000160,9.523200
0LP0FQ90,-,Total,-,-,1466.6646,-,265.6119
0MQ855N2,DEU,DEU-VM-0001-0004,230,0.787300,181.079000,0.669200,153.916000
0MQ855N2,DEU,DEU-DK-0001-0001,23000,0.000190,4.370000,0.000160,3.680000
0MQ855N2,DEU,DEU-IP-0001-0001,230,0.010000,2.300000,0.008700,2.001000
0MQ855N2,DEU,DEU-SD-0001-0001,9200,0.000190,1.748000,0.000160,1.472000
0MQ855N2,-,Total,-,-,189.497,-,161.069
0ZL7B0CE,DEU,DEU-IP-0001-0001,744,0.010000,7.440000,0.008700,6.472800
0ZL7B0CE,DEU,DEU-SD-0001-0001,29760,0.000190,5.654400,0.000160,4.761600
0ZL7B0CE,DEU,DEU-DK-0002-0001,29760,0.000190,5.654400,0.000160,4.761600
0ZL7B0CE,-,Total,-,-,18.7488,-,15.996
18UW1GW8,DEU,DEU-DK-0001-0001,55500,0.000190,10.545000,0.000160,8.880000
18UW1GW8,DEU,DEU-IP-0001-0001,111,0.010000,1.110000,0.008700,0.965700
18UW1GW8,DEU,DEU-SD-0001-0001,4440,0.000190,0.843600,0.000160,0.710400
18UW1GW8,-,Total,-,-,12.4986,-,10.5561
216K1MBE,DEU,DEU-VM-0001-0002,1830,0.973000,1780.590000,0.167700,306.891000
216K1MBE,DEU,DEU-DK-0003-0002,448070,0.000190,85.133300,0.000160,71.691200
216K1MBE,DEU,DEU-DK-0001-0001,799550,0.000190,151.914500,0.000160,127.928000
216K1MBE,DEU,DEU-IP-0001-0001,5764,0.010000,57.640000,0.008700,50.146800
216K1MBE,DEU,DEU-VM-0001-0001,127,0.098200,12.471400,0.083500,10.604500
216K1MBE,DEU,DEU-DK-0003-0001,584190,0.000190,110.996100,0.000160,93.470400
216K1MBE,DEU,DEU-DK-0002-0001,169320,0.000190,32.170800,0.000160,27.091200
216K1MBE,DEU,DEU-NW-0001-0001,15,0.010200,0.153000,0.008700,0.130500
216K1MBE,DEU,DEU-VM-0001-0003,2232,0.393600,878.515200,0.334600,746.827200
216K1MBE,DEU,DEU-SD-0001-0001,272180,0.000190,51.714200,0.000160,43.548800
216K1MBE,-,Total,-,-,3161.2985,-,1478.3296
3UV2K7QK,DEU,DEU-VM-0001-0002,1488,0.973000,1447.824000,0.167700,249.537600
3UV2K7QK,DEU,DEU-DK-0001-0001,1889760,0.000190,359.054400,0.000160,302.361600
3UV2K7QK,DEU,DEU-IP-0001-0001,4464,0.010000,44.640000,0.008700,38.836800
3UV2K7QK,DEU,DEU-VM-0001-0001,2232,0.098200,219.182400,0.083500,186.372000
3UV2K7QK,DEU,DEU-NW-0002-0001,744,0.021500,15.996000,0.018300,13.615200
3UV2K7QK,DEU,DEU-DK-0002-0001,81840,0.000190,15.549600,0.000160,13.094400
3UV2K7QK,DEU,DEU-NW-0001-0001,284,0.010200,2.896800,0.008700,2.470800
3UV2K7QK,DEU,DEU-VM-0001-0003,1488,0.393600,585.676800,0.334600,497.884800
3UV2K7QK,DEU,DEU-SD-0001-0001,148800,0.000190,28.272000,0.000160,23.808000
3UV2K7QK,-,Total,-,-,2719.092,-,1327.9812
476KMD2K,DEU,DEU-NW-0001-0001,16,0.010200,0.163200,0.008700,0.139200
476KMD2K,DEU,DEU-DK-0001-0001,7440,0.000190,1.413600,0.000160,1.190400
476KMD2K,DEU,DEU-IP-0001-0001,744,0.010000,7.440000,0.008700,6.472800
476KMD2K,DEU,DEU-SD-0001-0001,7440,0.000190,1.413600,0.000160,1.190400
476KMD2K,DEU,DEU-VM-0001-0001,744,0.098200,73.060800,0.083500,62.124000
476KMD2K,-,Total,-,-,83.4912,-,71.1168
4H5MEPXD,DEU,DEU-VM-0001-0002,2232,0.973000,2171.736000,0.167700,374.306400
4H5MEPXD,DEU,DEU-NW-0001-0001,0,0.010200,0.000000,0.008700,0.000000
4H5MEPXD,DEU,DEU-DK-0001-0001,669600,0.000190,127.224000,0.000160,107.136000
4H5MEPXD,DEU,DEU-IP-0001-0001,744,0.010000,7.440000,0.008700,6.472800
4H5MEPXD,DEU,DEU-NW-0002-0001,744,0.021500,15.996000,0.018300,13.615200
4H5MEPXD,DEU,DEU-VM-0001-0001,744,0.098200,73.060800,0.083500,62.124000
4H5MEPXD,DEU,DEU-SD-0001-0001,29760,0.000190,5.654400,0.000160,4.761600
4H5MEPXD,-,Total,-,-,2401.1112,-,568.416
4T1CGRHT,DEU,DEU-IP-0001-0001,385,0.010000,3.850000,0.008700,3.349500
4T1CGRHT,DEU,DEU-SD-0001-0001,1270,0.000190,0.241300,0.000160,0.203200
4T1CGRHT,DEU,DEU-VM-0001-0001,56,0.098200,5.499200,0.083500,4.676000
4T1CGRHT,-,Total,-,-,9.5905,-,8.2287
4VRFVTO3,DEU,DEU-VM-0001-0002,1488,0.973000,1447.824000,0.167700,249.537600
4VRFVTO3,DEU,DEU-NW-0001-0001,0,0.010200,0.000000,0.008700,0.000000
4VRFVTO3,DEU,DEU-IP-0001-0001,744,0.010000,7.440000,0.008700,6.472800
4VRFVTO3,DEU,DEU-SD-0001-0001,59520,0.000190,11.308800,0.000160,9.523200
4VRFVTO3,-,Total,-,-,1466.5728,-,265.5336
5373G20F,DEU,DEU-DK-0001-0001,74400,0.000190,14.136000,0.000160,11.904000
5373G20F,DEU,DEU-IP-0001-0001,744,0.010000,7.440000,0.008700,6.472800
5373G20F,DEU,DEU-VM-0001-0001,1488,0.098200,146.121600,0.083500,124.248000
5373G20F,DEU,DEU-NW-0001-0001,0,0.010200,0.000000,0.008700,0.000000
5373G20F,DEU,DEU-VM-0001-0003,744,0.393600,292.838400,0.334600,248.942400
5373G20F,DEU,DEU-SD-0001-0001,89280,0.000190,16.963200,0.000160,14.284800
5373G20F,-,Total,-,-,477.4992,-,405.852
5AU1EUIW,DEU,DEU-DK-0001-0001,8216000,0.000190,1561.040000,0.000160,1314.560000
5AU1EUIW,DEU,DEU-IP-0001-0001,9672,0.010000,96.720000,0.008700,84.146400
5AU1EUIW,DEU,DEU-VM-0001-0001,7440,0.098200,730.608000,0.083500,621.240000
5AU1EUIW,DEU,DEU-DK-0002-0001,66960,0.000190,12.722400,0.000160,10.713600
5AU1EUIW,DEU,DEU-NW-0001-0001,57,0.010200,0.581400,0.008700,0.495900
5AU1EUIW,DEU,DEU-VM-0001-0004,1811,0.787300,1425.800300,0.669200,1211.921200
5AU1EUIW,DEU,DEU-VM-0001-0003,4464,0.393600,1757.030400,0.334600,1493.654400
5AU1EUIW,DEU,DEU-SD-0001-0001,165874,0.000190,31.516060,0.000160,26.539840
5AU1EUIW,-,Total,-,-,5616.01856,-,4763.27134
5MJ66BS0,DEU,DEU-VM-0001-0002,4464,0.973000,4343.472000,0.167700,748.612800
5MJ66BS0,DEU,DEU-DK-0003-0002,238080,0.000190,45.235200,0.000160,38.092800
5MJ66BS0,DEU,DEU-DK-0001-0001,6167380,0.000190,1171.802200,0.000160,986.780800
5MJ66BS0,DEU,DEU-IP-0001-0001,8481,0.010000,84.810000,0.008700,73.784700
5MJ66BS0,DEU,DEU-DK-0003-0001,171120,0.000190,32.512800,0.000160,27.379200
5MJ66BS0,DEU,DEU-VM-0001-0001,5544,0.098200,544.420800,0.083500,462.924000
5MJ66BS0,DEU,DEU-NW-0001-0001,599,0.010200,6.109800,0.008700,5.211300
5MJ66BS0,DEU,DEU-VM-0001-0004,4464,0.787300,3514.507200,0.669200,2987.308800
5MJ66BS0,DEU,DEU-VM-0001-0003,744,0.393600,292.838400,0.334600,248.942400
5MJ66BS0,DEU,DEU-SD-0001-0001,518690,0.000190,98.551100,0.000160,82.990400
5MJ66BS0,-,Total,-,-,10134.2595,-,5662.0272
5PXILZ1W,DEU,DEU-NW-0001-0001,3,0.010200,0.030600,0.008700,0.026100
5PXILZ1W,DEU,DEU-DK-0001-0001,74400,0.000190,14.136000,0.000160,11.904000
5PXILZ1W,DEU,DEU-IP-0001-0001,744,0.010000,7.440000,0.008700,6.472800
5PXILZ1W,DEU,DEU-VM-0001-0003,1488,0.393600,585.676800,0.334600,497.884800
5PXILZ1W,DEU,DEU-SD-0001-0001,59520,0.000190,11.308800,0.000160,9.523200
5PXILZ1W,-,Total,-,-,618.5922,-,525.8109
62YKKU8E,DEU,DEU-VM-0001-0002,1488,0.973000,1447.824000,0.167700,249.537600
62YKKU8E,DEU,DEU-NW-0001-0001,0,0.010200,0.000000,0.008700,0.000000
62YKKU8E,DEU,DEU-DK-0001-0001,104160,0.000190,19.790400,0.000160,16.665600
62YKKU8E,DEU,DEU-IP-0001-0001,744,0.010000,7.440000,0.008700,6.472800
62YKKU8E,DEU,DEU-SD-0001-0001,14880,0.000190,2.827200,0.000160,2.380800
62YKKU8E,-,Total,-,-,1477.8816,-,275.0568
6P2G4HHY,DEU,DEU-NW-0001-0001,0,0.010200,0.000000,0.008700,0.000000
6P2G4HHY,DEU,DEU-IP-0001-0001,708,0.010000,7.080000,0.008700,6.159600
6P2G4HHY,DEU,DEU-SD-0001-0001,56640,0.000190,10.761600,0.000160,9.062400
6P2G4HHY,DEU,DEU-VM-0001-0001,7,0.098200,0.687400,0.083500,0.584500
6P2G4HHY,-,Total,-,-,18.529,-,15.8065
6RPW2ZDP,DEU,DEU-VM-0001-0002,744,0.973000,723.912000,0.167700,124.768800
6RPW2ZDP,DEU,DEU-DK-0001-0001,148800,0.000190,28.272000,0.000160,23.808000
6RPW2ZDP,DEU,DEU-IP-0001-0001,1488,0.010000,14.880000,0.008700,12.945600
6RPW2ZDP,DEU,DEU-NW-0001-0001,8,0.010200,0.081600,0.008700,0.069600
6RPW2ZDP,DEU,DEU-VM-0001-0003,744,0.393600,292.838400,0.334600,248.942400
6RPW2ZDP,DEU,DEU-SD-0001-0001,59520,0.000190,11.308800,0.000160,9.523200
6RPW2ZDP,-,Total,-,-,1071.2928,-,420.0576
74H7FZQ1,DEU,DEU-NW-0001-0001,20,0.010200,0.204000,0.008700,0.174000
74H7FZQ1,DEU,DEU-DK-0001-0001,74400,0.000190,14.136000,0.000160,11.904000
74H7FZQ1,DEU,DEU-VM-0001-0003,744,0.393600,292.838400,0.334600,248.942400
74H7FZQ1,DEU,DEU-IP-0001-0001,1488,0.010000,14.880000,0.008700,12.945600
74H7FZQ1,DEU,DEU-SD-0001-0001,29760,0.000190,5.654400,0.000160,4.761600
74H7FZQ1,-,Total,-,-,327.7128,-,278.7276
772NR6VZ,DEU,DEU-NW-0001-0001,186,0.010200,1.897200,0.008700,1.618200
772NR6VZ,DEU,DEU-DK-0001-0001,1320700,0.000190,250.933000,0.000160,211.312000
772NR6VZ,DEU,DEU-VM-0001-0003,1489,0.393600,586.070400,0.334600,498.219400
772NR6VZ,DEU,DEU-IP-0001-0001,4464,0.010000,44.640000,0.008700,38.836800
772NR6VZ,DEU,DEU-DK-0003-0001,10,0.000190,0.001900,0.000160,0.001600
772NR6VZ,DEU,DEU-SD-0001-0001,44660,0.000190,8.485400,0.000160,7.145600
772NR6VZ,DEU,DEU-VM-0001-0001,2976,0.098200,292.243200,0.083500,248.496000
772NR6VZ,-,Total,-,-,1184.2711,-,1005.6296
8CV7NHBH,DEU,DEU-VM-0001-0002,1488,0.973000,1447.824000,0.167700,249.537600
8CV7NHBH,DEU,DEU-NW-0001-0001,7,0.010200,0.071400,0.008700,0.060900
8CV7NHBH,DEU,DEU-DK-0001-0001,386880,0.000190,73.507200,0.000160,61.900800
8CV7NHBH,DEU,DEU-IP-0001-0001,1488,0.010000,14.880000,0.008700,12.945600
8CV7NHBH,DEU,DEU-SD-0001-0001,126480,0.000190,24.031200,0.000160,20.236800
8CV7NHBH,DEU,DEU-VM-0001-0001,2232,0.098200,219.182400,0.083500,186.372000
8CV7NHBH,DEU,DEU-DK-0002-0001,29760,0.000190,5.654400,0.000160,4.761600
8CV7NHBH,-,Total,-,-,1785.1506,-,535.8153
8RTU9257,UKI,UKI-SD-0001-0001,80,0.000160,0.012800,0.000160,0.012800
8RTU9257,-,Total,-,-,0.0128,-,0.0128
8Z3WL3CM,DEU,DEU-VM-0001-0002,2232,0.973000,2171.736000,0.167700,374.306400
8Z3WL3CM,DEU,DEU-NW-0001-0001,0,0.010200,0.000000,0.008700,0.000000
8Z3WL3CM,DEU,DEU-DK-0001-0001,74400,0.000190,14.136000,0.000160,11.904000
8Z3WL3CM,DEU,DEU-IP-0001-0001,744,0.010000,7.440000,0.008700,6.472800
8Z3WL3CM,DEU,DEU-SD-0001-0001,89280,0.000190,16.963200,0.000160,14.284800
8Z3WL3CM,-,Total,-,-,2210.2752,-,406.968
9GNANKPF,DEU,DEU-NW-0001-0001,0,0.010200,0.000000,0.008700,0.000000
9GNANKPF,DEU,DEU-DK-0001-0001,22320,0.000190,4.240800,0.000160,3.571200
9GNANKPF,DEU,DEU-IP-0001-0001,744,0.010000,7.440000,0.008700,6.472800
9GNANKPF,DEU,DEU-SD-0001-0001,7440,0.000190,1.413600,0.000160,1.190400
9GNANKPF,DEU,DEU-VM-0001-0001,744,0.098200,73.060800,0.083500,62.124000
9GNANKPF,DEU,DEU-DK-0003-0001,7440,0.000190,1.413600,0.000160,1.190400
9GNANKPF,-,Total,-,-,87.5688,-,74.5488
ABJVGLX4,DEU,DEU-SD-0001-0001,29760,0.000190,5.654400,0.000160,4.761600
ABJVGLX4,DEU,DEU-VM-0001-0001,744,0.098200,73.060800,0.083500,62.124000
ABJVGLX4,-,Total,-,-,78.7152,-,66.8856
AXE0X2WT,DEU,DEU-DK-0003-0002,74400,0.000190,14.136000,0.000160,11.904000
AXE0X2WT,DEU,DEU-VM-0001-0002,5938,0.973000,5777.674000,0.167700,995.802600
AXE0X2WT,DEU,DEU-DK-0001-0001,1577280,0.000190,299.683200,0.000160,252.364800
AXE0X2WT,DEU,DEU-IP-0001-0001,8184,0.010000,81.840000,0.008700,71.200800
AXE0X2WT,DEU,DEU-VM-0001-0001,2232,0.098200,219.182400,0.083500,186.372000
AXE0X2WT,DEU,DEU-NW-0002-0001,2276,0.021500,48.934000,0.018300,41.650800
AXE0X2WT,DEU,DEU-DK-0003-0001,89280,0.000190,16.963200,0.000160,14.284800
AXE0X2WT,DEU,DEU-VM-0001-0004,744,0.787300,585.751200,0.669200,497.884800
AXE0X2WT,DEU,DEU-NW-0001-0001,40,0.010200,0.408000,0.008700,0.348000
AXE0X2WT,DEU,DEU-VM-0001-0003,950,0.393600,373.920000,0.334600,317.870000
AXE0X2WT,DEU,DEU-SD-0001-0001,520800,0.000190,98.952000,0.000160,83.328000
AXE0X2WT,-,Total,-,-,7517.444,-,2473.0106
BGTS2Y5P,DEU,DEU-NW-0001-0001,0,0.010200,0.000000,0.008700,0.000000
BGTS2Y5P,DEU,DEU-DK-0001-0001,37200,0.000190,7.068000,0.000160,5.952000
BGTS2Y5P,DEU,DEU-IP-0001-0001,734,0.010000,7.340000,0.008700,6.385800
BGTS2Y5P,DEU,DEU-SD-0001-0001,29760,0.000190,5.654400,0.000160,4.761600
BGTS2Y5P,DEU,DEU-VM-0001-0001,743,0.098200,72.962600,0.083500,62.040500
BGTS2Y5P,-,Total,-,-,93.025,-,79.1399
BMHLENUS,DEU,DEU-IP-0001-0001,744,0.010000,7.440000,0.008700,6.472800
BMHLENUS,DEU,DEU-SD-0001-0001,29760,0.000190,5.654400,0.000160,4.761600
BMHLENUS,-,Total,-,-,13.0944,-,11.2344
CYHW5IZ0,DEU,DEU-VM-0001-0002,744,0.973000,723.912000,0.167700,124.768800
CYHW5IZ0,DEU,DEU-IP-0001-0001,744,0.010000,7.440000,0.008700,6.472800
CYHW5IZ0,DEU,DEU-SD-0001-0001,7291,0.000190,1.385290,0.000160,1.166560
CYHW5IZ0,DEU,DEU-DK-0003-0001,7440,0.000190,1.413600,0.000160,1.190400
CYHW5IZ0,-,Total,-,-,734.15089,-,133.59856
DLSR8FW1,DEU,DEU-DK-0001-0001,357120,0.000190,67.852800,0.000160,57.139200
DLSR8FW1,DEU,DEU-IP-0001-0001,1488,0.010000,14.880000,0.008700,12.945600
DLSR8FW1,DEU,DEU-VM-0001-0001,2232,0.098200,219.182400,0.083500,186.372000
DLSR8FW1,DEU,DEU-DK-0002-0001,59520,0.000190,11.308800,0.000160,9.523200
DLSR8FW1,DEU,DEU-NW-0001-0001,1,0.010200,0.010200,0.008700,0.008700
DLSR8FW1,DEU,DEU-VM-0001-0003,744,0.393600,292.838400,0.334600,248.942400
DLSR8FW1,DEU,DEU-SD-0001-0001,119040,0.000190,22.617600,0.000160,19.046400
DLSR8FW1,-,Total,-,-,628.6902,-,533.9775
DXCJHESZ,DEU,DEU-NW-0001-0001,2,0.010200,0.020400,0.008700,0.017400
DXCJHESZ,DEU,DEU-DK-0001-0001,22320,0.000190,4.240800,0.000160,3.571200
DXCJHESZ,DEU,DEU-VM-0001-0003,1488,0.393600,585.676800,0.334600,497.884800
DXCJHESZ,DEU,DEU-IP-0001-0001,2232,0.010000,22.320000,0.008700,19.418400
DXCJHESZ,DEU,DEU-SD-0001-0001,74400,0.000190,14.136000,0.000160,11.904000
DXCJHESZ,-,Total,-,-,626.394,-,532.7958
E6ZNTK3I,DEU,DEU-VM-0001-0002,744,0.973000,723.912000,0.167700,124.768800
E6ZNTK3I,DEU,DEU-DK-0001-0001,267840,0.000190,50.889600,0.000160,42.854400
E6ZNTK3I,DEU,DEU-IP-0001-0001,744,0.010000,7.440000,0.008700,6.472800
E6ZNTK3I,DEU,DEU-VM-0001-0001,744,0.098200,73.060800,0.083500,62.124000
E6ZNTK3I,DEU,DEU-NW-0001-0001,5,0.010200,0.051000,0.008700,0.043500
E6ZNTK3I,DEU,DEU-VM-0001-0003,744,0.393600,292.838400,0.334600,248.942400
E6ZNTK3I,DEU,DEU-SD-0001-0001,89280,0.000190,16.963200,0.000160,14.284800
E6ZNTK3I,-,Total,-,-,1165.155,-,499.4907
EDTK6TIV,DEU,DEU-SD-0001-0001,1280,0.000190,0.243200,0.000160,0.204800
EDTK6TIV,DEU,DEU-VM-0001-0001,2,0.098200,0.196400,0.083500,0.167000
EDTK6TIV,-,Total,-,-,0.4396,-,0.3718
ETX7MV9B,DEU,DEU-VM-0001-0002,1488,0.973000,1447.824000,0.167700,249.537600
ETX7MV9B,DEU,DEU-NW-0001-0001,15,0.010200,0.153000,0.008700,0.130500
ETX7MV9B,DEU,DEU-DK-0001-0001,446400,0.000190,84.816000,0.000160,71.424000
ETX7MV9B,DEU,DEU-IP-0001-0001,1488,0.010000,14.880000,0.008700,12.945600
ETX7MV9B,DEU,DEU-DK-0003-0001,22320,0.000190,4.240800,0.000160,3.571200
ETX7MV9B,DEU,DEU-SD-0001-0001,29760,0.000190,5.654400,0.000160,4.761600
ETX7MV9B,DEU,DEU-DK-0002-0001,14880,0.000190,2.827200,0.000160,2.380800
ETX7MV9B,-,Total,-,-,1560.3954,-,344.7513
FGT6QD3U,DEU,DEU-VM-0001-0002,744,0.973000,723.912000,0.167700,124.768800
FGT6QD3U,DEU,DEU-NW-0001-0001,0,0.010200,0.000000,0.008700,0.000000
FGT6QD3U,DEU,DEU-IP-0001-0001,744,0.010000,7.440000,0.008700,6.472800
FGT6QD3U,DEU,DEU-SD-0001-0001,29760,0.000190,5.654400,0.000160,4.761600
FGT6QD3U,-,Total,-,-,737.0064,-,136.0032
FJ0UDJBC,DEU,DEU-DK-0001-0001,96720,0.000190,18.376800,0.000160,15.475200
FJ0UDJBC,DEU,DEU-IP-0001-0001,8184,0.010000,81.840000,0.008700,71.200800
FJ0UDJBC,DEU,DEU-DK-0003-0001,37200,0.000190,7.068000,0.000160,5.952000
FJ0UDJBC,DEU,DEU-VM-0001-0001,4,0.098200,0.392800,0.083500,0.334000
FJ0UDJBC,DEU,DEU-DK-0002-0001,208320,0.000190,39.580800,0.000160,33.331200
FJ0UDJBC,DEU,DEU-NW-0001-0001,0,0.010200,0.000000,0.008700,0.000000
FJ0UDJBC,DEU,DEU-VM-0001-0003,1371,0.393600,539.625600,0.334600,458.736600
FJ0UDJBC,DEU,DEU-SD-0001-0001,244964,0.000190,46.543160,0.000160,39.194240
FJ0UDJBC,-,Total,-,-,733.42716,-,624.22404
FQX6Q4E6,DEU,DEU-VM-0001-0002,2232,0.973000,2171.736000,0.167700,374.306400
FQX6Q4E6,DEU,DEU-DK-0003-0002,133920,0.000190,25.444800,0.000160,21.427200
FQX6Q4E6,DEU,DEU-NW-0001-0001,0,0.010200,0.000000,0.008700,0.000000
FQX6Q4E6,DEU,DEU-DK-0001-0001,133920,0.000190,25.444800,0.000160,21.427200
FQX6Q4E6,DEU,DEU-IP-0001-0001,1488,0.010000,14.880000,0.008700,12.945600
FQX6Q4E6,DEU,DEU-SD-0001-0001,89280,0.000190,16.963200,0.000160,14.284800
FQX6Q4E6,DEU,DEU-DK-0003-0001,238080,0.000190,45.235200,0.000160,38.092800
FQX6Q4E6,-,Total,-,-,2299.704,-,482.484
G0SM0ZC9,DEU,DEU-DK-0001-0001,510500,0.000190,96.995000,0.000160,81.680000
G0SM0ZC9,DEU,DEU-IP-0001-0001,532,0.010000,5.320000,0.008700,4.628400
G0SM0ZC9,DEU,DEU-SD-0001-0001,40200,0.000190,7.638000,0.000160,6.432000
G0SM0ZC9,-,Total,-,-,109.953,-,92.7404
G0V8LLZ7,DEU,DEU-DK-0001-0001,372000,0.000190,70.680000,0.000160,59.520000
G0V8LLZ7,DEU,DEU-IP-0001-0001,1488,0.010000,14.880000,0.008700,12.945600
G0V8LLZ7,DEU,DEU-VM-0001-0001,744,0.098200,73.060800,0.083500,62.124000
G0V8LLZ7,DEU,DEU-DK-0003-0001,59520,0.000190,11.308800,0.000160,9.523200
G0V8LLZ7,DEU,DEU-NW-0001-0001,1,0.010200,0.010200,0.008700,0.008700
G0V8LLZ7,DEU,DEU-VM-0001-0003,1488,0.393600,585.676800,0.334600,497.884800
G0V8LLZ7,DEU,DEU-SD-0001-0001,89280,0.000190,16.963200,0.000160,14.284800
G0V8LLZ7,-,Total,-,-,772.5798,-,656.2911
G3ROPZ0U,DEU,DEU-IP-0001-0001,744,0.010000,7.440000,0.008700,6.472800
G3ROPZ0U,DEU,DEU-SD-0001-0001,14880,0.000190,2.827200,0.000160,2.380800
G3ROPZ0U,-,Total,-,-,10.2672,-,8.8536
GJQ46472,DEU,DEU-VM-0001-0002,744,0.973000,723.912000,0.167700,124.768800
GJQ46472,DEU,DEU-NW-0001-0001,0,0.010200,0.000000,0.008700,0.000000
GJQ46472,DEU,DEU-DK-0001-0001,74400,0.000190,14.136000,0.000160,11.904000
GJQ46472,DEU,DEU-IP-0001-0001,744,0.010000,7.440000,0.008700,6.472800
GJQ46472,DEU,DEU-SD-0001-0001,29760,0.000190,5.654400,0.000160,4.761600
GJQ46472,-,Total,-,-,751.1424,-,147.9072
GKQESMC2,DEU,DEU-VM-0001-0002,2976,0.973000,2895.648000,0.167700,499.075200
GKQESMC2,DEU,DEU-DK-0001-0001,2641200,0.000190,501.828000,0.000160,422.592000
GKQESMC2,DEU,DEU-IP-0001-0001,7440,0.010000,74.400000,0.008700,64.728000
GKQESMC2,DEU,DEU-NW-0002-0001,1488,0.021500,31.992000,0.018300,27.230400
GKQESMC2,DEU,DEU-VM-0001-0001,745,0.098200,73.159000,0.083500,62.207500
GKQESMC2,DEU,DEU-NW-0001-0001,726,0.010200,7.405200,0.008700,6.316200
GKQESMC2,DEU,DEU-VM-0001-0003,1488,0.393600,585.676800,0.334600,497.884800
GKQESMC2,DEU,DEU-SD-0001-0001,259040,0.000190,49.217600,0.000160,41.446400
GKQESMC2,-,Total,-,-,4219.3266,-,1621.4805
GXNTJ1AB,DEU,DEU-VM-0001-0002,744,0.973000,723.912000,0.167700,124.768800
GXNTJ1AB,DEU,DEU-NW-0001-0001,0,0.010200,0.000000,0.008700,0.000000
GXNTJ1AB,DEU,DEU-DK-0001-0001,37200,0.000190,7.068000,0.000160,5.952000
GXNTJ1AB,DEU,DEU-IP-0001-0001,744,0.010000,7.440000,0.008700,6.472800
GXNTJ1AB,DEU,DEU-SD-0001-0001,7440,0.000190,1.413600,0.000160,1.190400
GXNTJ1AB,-,Total,-,-,739.8336,-,138.384
HVI8ZH65,DEU,DEU-NW-0001-0001,0,0.010200,0.000000,0.008700,0.000000
HVI8ZH65,DEU,DEU-DK-0001-0001,74400,0.000190,14.136000,0.000160,11.904000
HVI8ZH65,DEU,DEU-IP-0001-0001,1488,0.010000,14.880000,0.008700,12.945600
HVI8ZH65,DEU,DEU-SD-0001-0001,14880,0.000190,2.827200,0.000160,2.380800
HVI8ZH65,DEU,DEU-VM-0001-0001,1488,0.098200,146.121600,0.083500,124.248000
HVI8ZH65,-,Total,-,-,177.9648,-,151.4784
I1GYJEN9,DEU,DEU-VM-0001-0002,1488,0.973000,1447.824000,0.167700,249.537600
I1GYJEN9,DEU,DEU-NW-0001-0001,0,0.010200,0.000000,0.008700,0.000000
I1GYJEN9,DEU,DEU-IP-0001-0001,744,0.010000,7.440000,0.008700,6.472800
I1GYJEN9,DEU,DEU-SD-0001-0001,59520,0.000190,11.308800,0.000160,9.523200
I1GYJEN9,-,Total,-,-,1466.5728,-,265.5336
I5WG2J2Y,DEU,DEU-VM-0001-0002,2232,0.973000,2171.736000,0.167700,374.306400
I5WG2J2Y,DEU,DEU-DK-0003-0002,215760,0.000190,40.994400,0.000160,34.521600
I5WG2J2Y,DEU,DEU-DK-0001-0001,148800,0.000190,28.272000,0.000160,23.808000
I5WG2J2Y,DEU,DEU-IP-0001-0001,1488,0.010000,14.880000,0.008700,12.945600
I5WG2J2Y,DEU,DEU-VM-0001-0001,744,0.098200,73.060800,0.083500,62.124000
I5WG2J2Y,DEU,DEU-DK-0003-0001,416640,0.000190,79.161600,0.000160,66.662400
I5WG2J2Y,DEU,DEU-NW-0001-0001,209,0.010200,2.131800,0.008700,1.818300
I5WG2J2Y,DEU,DEU-VM-0001-0003,744,0.393600,292.838400,0.334600,248.942400
I5WG2J2Y,DEU,DEU-SD-0001-0001,148800,0.000190,28.272000,0.000160,23.808000
I5WG2J2Y,-,Total,-,-,2731.347,-,848.9367
I8A3VMGU,DEU,DEU-DK-0001-0001,200880,0.000190,38.167200,0.000160,32.140800
I8A3VMGU,DEU,DEU-IP-0001-0001,2976,0.010000,29.760000,0.008700,25.891200
I8A3VMGU,DEU,DEU-NW-0002-0001,2232,0.021500,47.988000,0.018300,40.845600
I8A3VMGU,DEU,DEU-DK-0002-0001,44640,0.000190,8.481600,0.000160,7.142400
I8A3VMGU,DEU,DEU-NW-0001-0001,176,0.010200,1.795200,0.008700,1.531200
I8A3VMGU,DEU,DEU-VM-0001-0004,7440,0.787300,5857.512000,0.669200,4978.848000
I8A3VMGU,DEU,DEU-VM-0001-0003,2232,0.393600,878.515200,0.334600,746.827200
I8A3VMGU,DEU,DEU-SD-0001-0001,104160,0.000190,19.790400,0.000160,16.665600
I8A3VMGU,-,Total,-,-,6882.0096,-,5849.892
IKH65Q2V,DEU,DEU-VM-0001-0002,744,0.973000,723.912000,0.167700,124.768800
IKH65Q2V,DEU,DEU-DK-0001-0001,44640,0.000190,8.481600,0.000160,7.142400
IKH65Q2V,DEU,DEU-NW-0001-0001,1,0.010200,0.010200,0.008700,0.008700
IKH65Q2V,DEU,DEU-IP-0001-0001,2232,0.010000,22.320000,0.008700,19.418400
IKH65Q2V,DEU,DEU-SD-0001-0001,119040,0.000190,22.617600,0.000160,19.046400
IKH65Q2V,DEU,DEU-VM-0001-0001,2232,0.098200,219.182400,0.083500,186.372000
IKH65Q2V,-,Total,-,-,996.5238,-,356.7567
J3N7RXSW,DEU,DEU-DK-0001-0001,297600,0.000190,56.544000,0.000160,47.616000
J3N7RXSW,DEU,DEU-IP-0001-0001,2232,0.010000,22.320000,0.008700,19.418400
J3N7RXSW,DEU,DEU-SD-0001-0001,119040,0.000190,22.617600,0.000160,19.046400
J3N7RXSW,-,Total,-,-,101.4816,-,86.0808
JOLBZ3T1,DEU,DEU-DK-0001-0001,148800,0.000190,28.272000,0.000160,23.808000
JOLBZ3T1,DEU,DEU-IP-0001-0001,744,0.010000,7.440000,0.008700,6.472800
JOLBZ3T1,DEU,DEU-NW-0002-0001,744,0.021500,15.996000,0.018300,13.615200
JOLBZ3T1,DEU,DEU-DK-0003-0001,119040,0.000190,22.617600,0.000160,19.046400
JOLBZ3T1,DEU,DEU-DK-0002-0001,119040,0.000190,22.617600,0.000160,19.046400
JOLBZ3T1,DEU,DEU-VM-0001-0004,744,0.787300,585.751200,0.669200,497.884800
JOLBZ3T1,DEU,DEU-NW-0001-0001,6,0.010200,0.061200,0.008700,0.052200
JOLBZ3T1,DEU,DEU-VM-0001-0003,2232,0.393600,878.515200,0.334600,746.827200
JOLBZ3T1,DEU,DEU-SD-0001-0001,119040,0.000190,22.617600,0.000160,19.046400
JOLBZ3T1,-,Total,-,-,1583.8884,-,1345.7994
JSE66VP3,DEU,DEU-VM-0001-0004,298,0.787300,234.615400,0.669200,199.421600
JSE66VP3,DEU,DEU-NW-0001-0001,1,0.010200,0.010200,0.008700,0.008700
JSE66VP3,DEU,DEU-DK-0001-0001,372000,0.000190,70.680000,0.000160,59.520000
JSE66VP3,DEU,DEU-IP-0001-0001,744,0.010000,7.440000,0.008700,6.472800
JSE66VP3,DEU,DEU-SD-0001-0001,29760,0.000190,5.654400,0.000160,4.761600
JSE66VP3,-,Total,-,-,318.4,-,270.1847
K9GE4LY4,DEU,DEU-NW-0001-0001,0,0.010200,0.000000,0.008700,0.000000
K9GE4LY4,DEU,DEU-DK-0001-0001,2740,0.000190,0.520600,0.000160,0.438400
K9GE4LY4,DEU,DEU-IP-0001-0001,274,0.010000,2.740000,0.008700,2.383800
K9GE4LY4,DEU,DEU-SD-0001-0001,2740,0.000190,0.520600,0.000160,0.438400
K9GE4LY4,DEU,DEU-VM-0001-0001,274,0.098200,26.906800,0.083500,22.879000
K9GE4LY4,-,Total,-,-,30.688,-,26.1396
KS5MHUSS,DEU,DEU-VM-0001-0002,1488,0.973000,1447.824000,0.167700,249.537600
KS5MHUSS,DEU,DEU-DK-0003-0002,148800,0.000190,28.272000,0.000160,23.808000
KS5MHUSS,DEU,DEU-DK-0001-0001,4836000,0.000190,918.840000,0.000160,773.760000
KS5MHUSS,DEU,DEU-IP-0001-0001,2976,0.010000,29.760000,0.008700,25.891200
KS5MHUSS,DEU,DEU-DK-0003-0001,238080,0.000190,45.235200,0.000160,38.092800
KS5MHUSS,DEU,DEU-NW-0001-0001,1,0.010200,0.010200,0.008700,0.008700
KS5MHUSS,DEU,DEU-VM-0001-0004,4464,0.787300,3514.507200,0.669200,2987.308800
KS5MHUSS,DEU,DEU-VM-0001-0003,4464,0.393600,1757.030400,0.334600,1493.654400
KS5MHUSS,DEU,DEU-SD-0001-0001,372000,0.000190,70.680000,0.000160,59.520000
KS5MHUSS,-,Total,-,-,7812.159,-,5651.5815
L7WRBS0L,DEU,DEU-DK-0001-0001,29760,0.000190,5.654400,0.000160,4.761600
L7WRBS0L,DEU,DEU-SD-0001-0001,14880,0.000190,2.827200,0.000160,2.380800
L7WRBS0L,-,Total,-,-,8.4816,-,7.1424
L7X6HR97,DEU,DEU-VM-0001-0002,744,0.973000,723.912000,0.167700,124.768800
L7X6HR97,DEU,DEU-NW-0001-0001,0,0.010200,0.000000,0.008700,0.000000
L7X6HR97,DEU,DEU-DK-0001-0001,37200,0.000190,7.068000,0.000160,5.952000
L7X6HR97,DEU,DEU-IP-0001-0001,744,0.010000,7.440000,0.008700,6.472800
L7X6HR97,DEU,DEU-SD-0001-0001,29760,0.000190,5.654400,0.000160,4.761600
L7X6HR97,-,Total,-,-,744.0744,-,141.9552
M1YWX6KB,DEU,DEU-DK-0001-0001,74400,0.000190,14.136000,0.000160,11.904000
M1YWX6KB,DEU,DEU-IP-0001-0001,1488,0.010000,14.880000,0.008700,12.945600
M1YWX6KB,DEU,DEU-SD-0001-0001,126331,0.000190,24.002890,0.000160,20.212960
M1YWX6KB,DEU,DEU-VM-0001-0001,744,0.098200,73.060800,0.083500,62.124000
M1YWX6KB,-,Total,-,-,126.07969,-,107.18656
MC4N3OH2,DEU,DEU-NW-0001-0001,0,0.010200,0.000000,0.008700,0.000000
MC4N3OH2,DEU,DEU-IP-0001-0001,744,0.010000,7.440000,0.008700,6.472800
MC4N3OH2,DEU,DEU-SD-0001-0001,29760,0.000190,5.654400,0.000160,4.761600
MC4N3OH2,DEU,DEU-VM-0001-0001,2976,0.098200,292.243200,0.083500,248.496000
MC4N3OH2,DEU,DEU-DK-0002-0001,7440,0.000190,1.413600,0.000160,1.190400
MC4N3OH2,-,Total,-,-,306.7512,-,260.9208
O1VRVBP8,DEU,DEU-IP-0001-0001,1488,0.010000,14.880000,0.008700,12.945600
O1VRVBP8,DEU,DEU-SD-0001-0001,14880,0.000190,2.827200,0.000160,2.380800
O1VRVBP8,DEU,DEU-DK-0003-0001,7440,0.000190,1.413600,0.000160,1.190400
O1VRVBP8,-,Total,-,-,19.1208,-,16.5168
OSJG3O6P,DEU,DEU-IP-0001-0001,1488,0.010000,14.880000,0.008700,12.945600
OSJG3O6P,DEU,DEU-SD-0001-0001,14880,0.000190,2.827200,0.000160,2.380800
OSJG3O6P,DEU,DEU-DK-0002-0001,7440,0.000190,1.413600,0.000160,1.190400
OSJG3O6P,-,Total,-,-,19.1208,-,16.5168
OUHL5RQO,DEU,DEU-VM-0001-0002,744,0.973000,723.912000,0.167700,124.768800
OUHL5RQO,DEU,DEU-NW-0001-0001,1,0.010200,0.010200,0.008700,0.008700
OUHL5RQO,DEU,DEU-IP-0001-0001,744,0.010000,7.440000,0.008700,6.472800
OUHL5RQO,DEU,DEU-SD-0001-0001,7440,0.000190,1.413600,0.000160,1.190400
OUHL5RQO,-,Total,-,-,732.7758,-,132.4407
P9QWS171,DEU,DEU-VM-0001-0002,744,0.973000,723.912000,0.167700,124.768800
P9QWS171,DEU,DEU-IP-0001-0001,744,0.010000,7.440000,0.008700,6.472800
P9QWS171,DEU,DEU-SD-0001-0001,29760,0.000190,5.654400,0.000160,4.761600
P9QWS171,-,Total,-,-,737.0064,-,136.0032
PFT2O615,DEU,DEU-IP-0001-0001,744,0.010000,7.440000,0.008700,6.472800
PFT2O615,DEU,DEU-SD-0001-0001,29760,0.000190,5.654400,0.000160,4.761600
PFT2O615,-,Total,-,-,13.0944,-,11.2344
PGFMYA6Q,DEU,DEU-SD-0001-0001,29760,0.000190,5.654400,0.000160,4.761600
PGFMYA6Q,DEU,DEU-DK-0003-0001,29760,0.000190,5.654400,0.000160,4.761600
PGFMYA6Q,-,Total,-,-,11.3088,-,9.5232
PRAUY10K,DEU,DEU-NW-0001-0001,0,0.010200,0.000000,0.008700,0.000000
PRAUY10K,DEU,DEU-DK-0001-0001,37200,0.000190,7.068000,0.000160,5.952000
PRAUY10K,DEU,DEU-IP-0001-0001,744,0.010000,7.440000,0.008700,6.472800
PRAUY10K,DEU,DEU-SD-0001-0001,29760,0.000190,5.654400,0.000160,4.761600
PRAUY10K,DEU,DEU-VM-0001-0001,744,0.098200,73.060800,0.083500,62.124000
PRAUY10K,-,Total,-,-,93.2232,-,79.3104
RCF724WZ,DEU,DEU-VM-0001-0002,744,0.973000,723.912000,0.167700,124.768800
RCF724WZ,DEU,DEU-NW-0001-0001,0,0.010200,0.000000,0.008700,0.000000
RCF724WZ,DEU,DEU-DK-0001-0001,74400,0.000190,14.136000,0.000160,11.904000
RCF724WZ,DEU,DEU-IP-0001-0001,744,0.010000,7.440000,0.008700,6.472800
RCF724WZ,DEU,DEU-SD-0001-0001,29760,0.000190,5.654400,0.000160,4.761600
RCF724WZ,-,Total,-,-,751.1424,-,147.9072
RRYUJ3JA,DEU,DEU-VM-0001-0004,744,0.787300,585.751200,0.669200,497.884800
RRYUJ3JA,DEU,DEU-NW-0001-0001,8,0.010200,0.081600,0.008700,0.069600
RRYUJ3JA,DEU,DEU-DK-0001-0001,74400,0.000190,14.136000,0.000160,11.904000
RRYUJ3JA,DEU,DEU-IP-0001-0001,744,0.010000,7.440000,0.008700,6.472800
RRYUJ3JA,DEU,DEU-SD-0001-0001,29760,0.000190,5.654400,0.000160,4.761600
RRYUJ3JA,-,Total,-,-,613.0632,-,521.0928
TJXAED9N,DEU,DEU-VM-0001-0002,663,0.973000,645.099000,0.167700,111.185100
TJXAED9N,DEU,DEU-DK-0001-0001,66300,0.000190,12.597000,0.000160,10.608000
TJXAED9N,DEU,DEU-IP-0001-0001,663,0.010000,6.630000,0.008700,5.768100
TJXAED9N,DEU,DEU-SD-0001-0001,26520,0.000190,5.038800,0.000160,4.243200
TJXAED9N,-,Total,-,-,669.3648,-,131.8044
U0UOKV9G,DEU,DEU-VM-0001-0002,2232,0.973000,2171.736000,0.167700,374.306400
U0UOKV9G,DEU,DEU-NW-0001-0001,3,0.010200,0.030600,0.008700,0.026100
U0UOKV9G,DEU,DEU-DK-0001-0001,260400,0.000190,49.476000,0.000160,41.664000
U0UOKV9G,DEU,DEU-IP-0001-0001,1488,0.010000,14.880000,0.008700,12.945600
U0UOKV9G,DEU,DEU-VM-0001-0001,744,0.098200,73.060800,0.083500,62.124000
U0UOKV9G,DEU,DEU-SD-0001-0001,29611,0.000190,5.626090,0.000160,4.737760
U0UOKV9G,-,Total,-,-,2314.80949,-,495.80386
U1L2X42K,DEU,DEU-NW-0001-0001,0,0.010200,0.000000,0.008700,0.000000
U1L2X42K,DEU,DEU-DK-0001-0001,14880,0.000190,2.827200,0.000160,2.380800
U1L2X42K,DEU,DEU-IP-0001-0001,744,0.010000,7.440000,0.008700,6.472800
U1L2X42K,DEU,DEU-SD-0001-0001,59520,0.000190,11.308800,0.000160,9.523200
U1L2X42K,DEU,DEU-VM-0001-0001,1488,0.098200,146.121600,0.083500,124.248000
U1L2X42K,-,Total,-,-,167.6976,-,142.6248
U2PP1Y4N,DEU,DEU-VM-0001-0002,1488,0.973000,1447.824000,0.167700,249.537600
U2PP1Y4N,DEU,DEU-NW-0001-0001,0,0.010200,0.000000,0.008700,0.000000
U2PP1Y4N,DEU,DEU-IP-0001-0001,744,0.010000,7.440000,0.008700,6.472800
U2PP1Y4N,DEU,DEU-SD-0001-0001,59520,0.000190,11.308800,0.000160,9.523200
U2PP1Y4N,-,Total,-,-,1466.5728,-,265.5336
UQEWJ5E2,DEU,DEU-VM-0001-0002,2232,0.973000,2171.736000,0.167700,374.306400
UQEWJ5E2,DEU,DEU-DK-0003-0002,59520,0.000190,11.308800,0.000160,9.523200
UQEWJ5E2,DEU,DEU-NW-0001-0001,103,0.010200,1.050600,0.008700,0.896100
UQEWJ5E2,DEU,DEU-DK-0001-0001,327360,0.000190,62.198400,0.000160,52.377600
UQEWJ5E2,DEU,DEU-IP-0001-0001,2232,0.010000,22.320000,0.008700,19.418400
UQEWJ5E2,DEU,DEU-SD-0001-0001,81840,0.000190,15.549600,0.000160,13.094400
UQEWJ5E2,DEU,DEU-DK-0003-0001,29760,0.000190,5.654400,0.000160,4.761600
UQEWJ5E2,-,Total,-,-,2289.8178,-,474.3777
UZGY6D0B,DEU,DEU-VM-0001-0002,93,0.973000,90.489000,0.167700,15.596100
UZGY6D0B,DEU,DEU-IP-0001-0001,93,0.010000,0.930000,0.008700,0.809100
UZGY6D0B,DEU,DEU-SD-0001-0001,3720,0.000190,0.706800,0.000160,0.595200
UZGY6D0B,-,Total,-,-,92.1258,-,17.0004
V69JMUFV,DEU,DEU-VM-0001-0002,744,0.973000,723.912000,0.167700,124.768800
V69JMUFV,DEU,DEU-NW-0001-0001,0,0.010200,0.000000,0.008700,0.000000
V69JMUFV,DEU,DEU-DK-0001-0001,186000,0.000190,35.340000,0.000160,29.760000
V69JMUFV,DEU,DEU-IP-0001-0001,2232,0.010000,22.320000,0.008700,19.418400
V69JMUFV,DEU,DEU-VM-0001-0003,744,0.393600,292.838400,0.334600,248.942400
V69JMUFV,DEU,DEU-SD-0001-0001,22320,0.000190,4.240800,0.000160,3.571200
V69JMUFV,DEU,DEU-DK-0002-0001,7440,0.000190,1.413600,0.000160,1.190400
V69JMUFV,-,Total,-,-,1080.0648,-,427.6512
W9C0W4KT,DEU,DEU-SD-0001-0001,59520,0.000190,11.308800,0.000160,9.523200
W9C0W4KT,-,Total,-,-,11.3088,-,9.5232
X7BMML2K,DEU,DEU-DK-0001-0001,74400,0.000190,14.136000,0.000160,11.904000
X7BMML2K,DEU,DEU-NW-0001-0001,33,0.010200,0.336600,0.008700,0.287100
X7BMML2K,DEU,DEU-IP-0001-0001,1488,0.010000,14.880000,0.008700,12.945600
X7BMML2K,DEU,DEU-SD-0001-0001,119040,0.000190,22.617600,0.000160,19.046400
X7BMML2K,DEU,DEU-VM-0001-0001,1431,0.098200,140.524200,0.083500,119.488500
X7BMML2K,-,Total,-,-,192.4944,-,163.6716
Y3FPE4IV,DEU,DEU-NW-0001-0001,0,0.010200,0.000000,0.008700,0.000000
Y3FPE4IV,DEU,DEU-DK-0001-0001,74400,0.000190,14.136000,0.000160,11.904000
Y3FPE4IV,DEU,DEU-IP-0001-0001,1488,0.010000,14.880000,0.008700,12.945600
Y3FPE4IV,DEU,DEU-SD-0001-0001,29760,0.000190,5.654400,0.000160,4.761600
Y3FPE4IV,DEU,DEU-VM-0001-0001,2976,0.098200,292.243200,0.083500,248.496000
Y3FPE4IV,DEU,DEU-NW-0002-0001,744,0.021500,15.996000,0.018300,13.615200
Y3FPE4IV,-,Total,-,-,342.9096,-,291.7224
YXREOAVC,DEU,DEU-VM-0001-0002,744,0.973000,723.912000,0.167700,124.768800
YXREOAVC,DEU,DEU-DK-0001-0001,29760,0.000190,5.654400,0.000160,4.761600
YXREOAVC,DEU,DEU-IP-0001-0001,744,0.010000,7.440000,0.008700,6.472800
YXREOAVC,DEU,DEU-DK-0003-0001,59520,0.000190,11.308800,0.000160,9.523200
YXREOAVC,DEU,DEU-VM-0001-0003,744,0.393600,292.838400,0.334600,248.942400
YXREOAVC,DEU,DEU-SD-0001-0001,59520,0.000190,11.308800,0.000160,9.523200
YXREOAVC,-,Total,-,-,1052.4624,-,403.992
Z5HUQGF2,DEU,DEU-VM-0001-0002,2976,0.973000,2895.648000,0.167700,499.075200
Z5HUQGF2,DEU,DEU-DK-0001-0001,3526560,0.000190,670.046400,0.000160,564.249600
Z5HUQGF2,DEU,DEU-IP-0001-0001,7440,0.010000,74.400000,0.008700,64.728000
Z5HUQGF2,DEU,DEU-NW-0002-0001,744,0.021500,15.996000,0.018300,13.615200
Z5HUQGF2,DEU,DEU-DK-0003-0001,7440,0.000190,1.413600,0.000160,1.190400
Z5HUQGF2,DEU,DEU-VM-0001-0001,2232,0.098200,219.182400,0.083500,186.372000
Z5HUQGF2,DEU,DEU-DK-0002-0001,89280,0.000190,16.963200,0.000160,14.284800
Z5HUQGF2,DEU,DEU-NW-0001-0001,6,0.010200,0.061200,0.008700,0.052200
Z5HUQGF2,DEU,DEU-SD-0001-0001,349531,0.000190,66.410890,0.000160,55.924960
Z5HUQGF2,-,Total,-,-,3960.12169,-,1399.49236
ZJKDHBYX,DEU,DEU-DK-0001-0001,29760,0.000190,5.654400,0.000160,4.761600
ZJKDHBYX,DEU,DEU-IP-0001-0001,2232,0.010000,22.320000,0.008700,19.418400
ZJKDHBYX,DEU,DEU-SD-0001-0001,29760,0.000190,5.654400,0.000160,4.761600
ZJKDHBYX,DEU,DEU-DK-0003-0001,29760,0.000190,5.654400,0.000160,4.761600
ZJKDHBYX,-,Total,-,-,39.2832,-,33.7032

FoC ContractIDs
0BCOMC2Y,DEU,DEU-VM-0001-0002,213,0.973000,207.249000,0.167700,35.720100
0BCOMC2Y,DEU,DEU-IP-0001-0001,250,0.010000,2.500000,0.008700,2.175000
0BCOMC2Y,DEU,DEU-SD-0001-0001,18180,0.000190,3.454200,0.000160,2.908800
0BCOMC2Y,DEU,DEU-DK-0003-0001,2080,0.000190,0.395200,0.000160,0.332800
0J481QVP,DEU,DEU-DK-0002-0001,59520,0.000190,11.308800,0.000160,9.523200
0LXDUNVM,DEU,DEU-VM-0001-0002,6696,0.973000,6515.208000,0.167700,1122.919200
0LXDUNVM,DEU,DEU-DK-0001-0001,89280,0.000190,16.963200,0.000160,14.284800
0LXDUNVM,DEU,DEU-IP-0001-0001,11108,0.010000,111.080000,0.008700,96.639600
0LXDUNVM,DEU,DEU-DK-0003-0001,29760,0.000190,5.654400,0.000160,4.761600
0LXDUNVM,DEU,DEU-NW-0002-0001,1488,0.021500,31.992000,0.018300,27.230400
0LXDUNVM,DEU,DEU-VM-0001-0001,8188,0.098200,804.061600,0.083500,683.698000
0LXDUNVM,DEU,DEU-DK-0002-0001,52080,0.000190,9.895200,0.000160,8.332800
0LXDUNVM,DEU,DEU-VM-0001-0004,2976,0.787300,2343.004800,0.669200,1991.539200
0LXDUNVM,DEU,DEU-NW-0001-0001,5,0.010200,0.051000,0.008700,0.043500
0LXDUNVM,DEU,DEU-VM-0001-0003,744,0.393600,292.838400,0.334600,248.942400
0LXDUNVM,DEU,DEU-SD-0001-0001,192930,0.000190,36.656700,0.000160,30.868800
2FX1OOSZ,DEU,DEU-IP-0001-0001,1793,0.010000,17.930000,0.008700,15.599100
2FX1OOSZ,DEU,DEU-VM-0001-0012,143,3.149400,450.364200,0.000000,0.000000
2FX1OOSZ,DEU,DEU-VM-0001-0001,2952,0.098200,289.886400,0.083500,246.492000
2FX1OOSZ,DEU,DEU-SD-0001-0001,519120,0.000190,98.632800,0.000160,83.059200
2FX1OOSZ,DEU,DEU-DK-0002-0001,7440,0.000190,1.413600,0.000160,1.190400
40HPFXH9,DEU,DEU-VM-0001-0002,990,0.973000,963.270000,0.167700,166.023000
40HPFXH9,DEU,DEU-DK-0003-0002,68400,0.000190,12.996000,0.000160,10.944000
40HPFXH9,DEU,DEU-DK-0001-0001,377600,0.000190,71.744000,0.000160,60.416000
40HPFXH9,DEU,DEU-IP-0001-0001,4485,0.010000,44.850000,0.008700,39.019500
40HPFXH9,DEU,DEU-NW-0002-0001,144,0.021500,3.096000,0.018300,2.635200
40HPFXH9,DEU,DEU-VM-0001-0001,744,0.098200,73.060800,0.083500,62.124000
40HPFXH9,DEU,DEU-DK-0003-0001,7440,0.000190,1.413600,0.000160,1.190400
40HPFXH9,DEU,DEU-DK-0002-0001,193600,0.000190,36.784000,0.000160,30.976000
40HPFXH9,DEU,DEU-NW-0001-0001,0,0.010200,0.000000,0.008700,0.000000
40HPFXH9,DEU,DEU-VM-0001-0003,106,0.393600,41.721600,0.334600,35.467600
40HPFXH9,DEU,DEU-SD-0001-0001,311340,0.000190,59.154600,0.000160,49.814400
52JSPVDF,DEU,DEU-DK-0001-0001,148800,0.000190,28.272000,0.000160,23.808000
52JSPVDF,DEU,DEU-IP-0001-0001,15624,0.010000,156.240000,0.008700,135.928800
52JSPVDF,DEU,DEU-DK-0003-0001,96720,0.000190,18.376800,0.000160,15.475200
52JSPVDF,DEU,DEU-VM-0001-0001,518,0.098200,50.867600,0.083500,43.253000
52JSPVDF,DEU,DEU-DK-0002-0001,89280,0.000190,16.963200,0.000160,14.284800
52JSPVDF,DEU,DEU-SD-0001-0001,3105730,0.000190,590.088700,0.000160,496.916800
7E9XP0KW,DEU,DEU-VM-0001-0004,1,0.787300,0.787300,0.669200,0.669200
7E9XP0KW,DEU,DEU-NW-0001-0001,0,0.010200,0.000000,0.008700,0.000000
7E9XP0KW,DEU,DEU-DK-0001-0001,74400,0.000190,14.136000,0.000160,11.904000
7E9XP0KW,DEU,DEU-IP-0001-0001,744,0.010000,7.440000,0.008700,6.472800
7E9XP0KW,DEU,DEU-VM-0001-0001,68,0.098200,6.677600,0.083500,5.678000
7E9XP0KW,DEU,DEU-SD-0001-0001,34440,0.000190,6.543600,0.000160,5.510400
7X54165N,DEU,DEU-VM-0001-0002,2079,0.973000,2022.867000,0.167700,348.648300
7X54165N,DEU,DEU-NW-0001-0001,0,0.010200,0.000000,0.008700,0.000000
7X54165N,DEU,DEU-DK-0001-0001,345330,0.000190,65.612700,0.000160,55.252800
7X54165N,DEU,DEU-IP-0001-0001,8062,0.010000,80.620000,0.008700,70.139400
7X54165N,DEU,DEU-VM-0001-0001,130,0.098200,12.766000,0.083500,10.855000
7X54165N,DEU,DEU-SD-0001-0001,261964,0.000190,49.773160,0.000160,41.914240
8SCCZI8P,DEU,DEU-SD-0001-0001,22320,0.000190,4.240800,0.000160,3.571200
9QMAERQ3,DEU,DEU-DK-0001-0001,74400,0.000190,14.136000,0.000160,11.904000
9QMAERQ3,DEU,DEU-IP-0001-0001,1488,0.010000,14.880000,0.008700,12.945600
9QMAERQ3,DEU,DEU-SD-0001-0001,59520,0.000190,11.308800,0.000160,9.523200
9QMAERQ3,DEU,DEU-VM-0001-0001,744,0.098200,73.060800,0.083500,62.124000
9QMAERQ3,DEU,DEU-DK-0002-0001,22320,0.000190,4.240800,0.000160,3.571200
ANLPHXC5,DEU,DEU-NW-0001-0001,0,0.010200,0.000000,0.008700,0.000000
ANLPHXC5,DEU,DEU-IP-0001-0001,1488,0.010000,14.880000,0.008700,12.945600
ANLPHXC5,DEU,DEU-SD-0001-0001,29760,0.000190,5.654400,0.000160,4.761600
ANLPHXC5,DEU,DEU-VM-0001-0001,744,0.098200,73.060800,0.083500,62.124000
ANLPHXC5,DEU,DEU-DK-0003-0001,29760,0.000190,5.654400,0.000160,4.761600
BION6NUV,DEU,DEU-DK-0001-0001,7440,0.000190,1.413600,0.000160,1.190400
BION6NUV,DEU,DEU-SD-0001-0001,59520,0.000190,11.308800,0.000160,9.523200
BION6NUV,DEU,DEU-VM-0001-0001,744,0.098200,73.060800,0.083500,62.124000
CLPAB3VP,DEU,DEU-VM-0001-0002,4426,0.973000,4306.498000,0.167700,742.240200
CLPAB3VP,DEU,DEU-DK-0001-0001,558000,0.000190,106.020000,0.000160,89.280000
CLPAB3VP,DEU,DEU-IP-0001-0001,5208,0.010000,52.080000,0.008700,45.309600
CLPAB3VP,DEU,DEU-DK-0003-0001,29760,0.000190,5.654400,0.000160,4.761600
CLPAB3VP,DEU,DEU-VM-0001-0001,3663,0.098200,359.706600,0.083500,305.860500
CLPAB3VP,DEU,DEU-DK-0002-0001,178560,0.000190,33.926400,0.000160,28.569600
CLPAB3VP,DEU,DEU-NW-0001-0001,14,0.010200,0.142800,0.008700,0.121800
CLPAB3VP,DEU,DEU-VM-0001-0003,1488,0.393600,585.676800,0.334600,497.884800
CLPAB3VP,DEU,DEU-SD-0001-0001,779000,0.000190,148.010000,0.000160,124.640000
DS2A5W8Q,DEU,DEU-DK-0001-0001,297600,0.000190,56.544000,0.000160,47.616000
DS2A5W8Q,DEU,DEU-SD-0001-0001,119040,0.000190,22.617600,0.000160,19.046400
DWNZ8QR7,DEU,DEU-DK-0001-0001,471000,0.000190,89.490000,0.000160,75.360000
DWNZ8QR7,DEU,DEU-NW-0001-0001,0,0.010200,0.000000,0.008700,0.000000
DWNZ8QR7,DEU,DEU-IP-0001-0001,1283,0.010000,12.830000,0.008700,11.162100
DWNZ8QR7,DEU,DEU-VM-0001-0001,323,0.098200,31.718600,0.083500,26.970500
DWNZ8QR7,DEU,DEU-SD-0001-0001,47910,0.000190,9.102900,0.000160,7.665600
IR14UKNN,DEU,DEU-VM-0001-0011,1,1.574700,1.574700,1.338500,1.338500
IR14UKNN,DEU,DEU-VM-0001-0002,4380,0.973000,4261.740000,0.167700,734.526000
IR14UKNN,DEU,DEU-DK-0003-0002,29770,0.000190,5.656300,0.000160,4.763200
IR14UKNN,DEU,DEU-DK-0001-0001,519510,0.000190,98.706900,0.000160,83.121600
IR14UKNN,DEU,DEU-NW-0002-0011,5,0.870000,4.350000,0.736200,3.681000
IR14UKNN,DEU,DEU-IP-0001-0001,4672,0.010000,46.720000,0.008700,40.646400
IR14UKNN,DEU,DEU-VM-0001-0001,1336,0.098200,131.195200,0.083500,111.556000
IR14UKNN,DEU,DEU-DK-0003-0001,418010,0.000190,79.421900,0.000160,66.881600
IR14UKNN,DEU,DEU-DK-0002-0001,737860,0.000190,140.193400,0.000160,118.057600
IR14UKNN,DEU,DEU-VM-0001-0003,1,0.393600,0.393600,0.334600,0.334600
IR14UKNN,DEU,DEU-SD-0001-0001,594990,0.000190,113.048100,0.000160,95.198400
J8VA4LUD,DEU,DEU-IP-0001-0001,744,0.010000,7.440000,0.008700,6.472800
J8VA4LUD,DEU,DEU-SD-0001-0001,16960,0.000190,3.222400,0.000160,2.713600
JUXK26LT,DEU,DEU-VM-0001-0002,2976,0.973000,2895.648000,0.167700,499.075200
JUXK26LT,DEU,DEU-DK-0003-0002,148800,0.000190,28.272000,0.000160,23.808000
JUXK26LT,DEU,DEU-DK-0001-0001,1703760,0.000190,323.714400,0.000160,272.601600
JUXK26LT,DEU,DEU-IP-0001-0001,3720,0.010000,37.200000,0.008700,32.364000
JUXK26LT,DEU,DEU-VM-0001-0001,2976,0.098200,292.243200,0.083500,248.496000
JUXK26LT,DEU,DEU-NW-0002-0001,744,0.021500,15.996000,0.018300,13.615200
JUXK26LT,DEU,DEU-DK-0003-0001,148800,0.000190,28.272000,0.000160,23.808000
JUXK26LT,DEU,DEU-DK-0002-0001,14880,0.000190,2.827200,0.000160,2.380800
JUXK26LT,DEU,DEU-NW-0001-0001,12,0.010200,0.122400,0.008700,0.104400
JUXK26LT,DEU,DEU-VM-0001-0003,2976,0.393600,1171.353600,0.334600,995.769600
JUXK26LT,DEU,DEU-SD-0001-0001,729120,0.000190,138.532800,0.000160,116.659200
NTO0Z0ZN,DEU,DEU-DK-0001-0001,8700,0.000190,1.653000,0.000160,1.392000
NTO0Z0ZN,DEU,DEU-IP-0001-0001,118,0.010000,1.180000,0.008700,1.026600
NTO0Z0ZN,DEU,DEU-SD-0001-0001,26800,0.000190,5.092000,0.000160,4.288000
NTO0Z0ZN,DEU,DEU-DK-0002-0001,11080,0.000190,2.105200,0.000160,1.772800
PP67CFFH,DEU,DEU-DK-0001-0001,5310,0.000190,1.008900,0.000160,0.849600
PP67CFFH,DEU,DEU-IP-0001-0001,1575,0.010000,15.750000,0.008700,13.702500
PP67CFFH,DEU,DEU-VM-0001-0012,1,3.149400,3.149400,0.000000,0.000000
PP67CFFH,DEU,DEU-VM-0001-0001,197,0.098200,19.345400,0.083500,16.449500
PP67CFFH,DEU,DEU-SD-0001-0001,125280,0.000190,23.803200,0.000160,20.044800
PP67CFFH,DEU,DEU-DK-0002-0001,84720,0.000190,16.096800,0.000160,13.555200
RLUGNQ31,DEU,DEU-DK-0001-0001,327360,0.000190,62.198400,0.000160,52.377600
RLUGNQ31,DEU,DEU-IP-0001-0001,5208,0.010000,52.080000,0.008700,45.309600
RLUGNQ31,DEU,DEU-VM-0001-0001,744,0.098200,73.060800,0.083500,62.124000
RLUGNQ31,DEU,DEU-DK-0003-0001,29760,0.000190,5.654400,0.000160,4.761600
RLUGNQ31,DEU,DEU-DK-0002-0001,37200,0.000190,7.068000,0.000160,5.952000
RLUGNQ31,DEU,DEU-NW-0001-0001,3,0.010200,0.030600,0.008700,0.026100
RLUGNQ31,DEU,DEU-VM-0001-0003,744,0.393600,292.838400,0.334600,248.942400
RLUGNQ31,DEU,DEU-SD-0001-0001,275280,0.000190,52.303200,0.000160,44.044800
S61DE08X,DEU,DEU-VM-0001-0002,2451,0.973000,2384.823000,0.167700,411.032700
S61DE08X,DEU,DEU-DK-0001-0001,838800,0.000190,159.372000,0.000160,134.208000
S61DE08X,DEU,DEU-IP-0001-0001,2278,0.010000,22.780000,0.008700,19.818600
S61DE08X,DEU,DEU-NW-0002-0001,744,0.021500,15.996000,0.018300,13.615200
S61DE08X,DEU,DEU-VM-0001-0001,744,0.098200,73.060800,0.083500,62.124000
S61DE08X,DEU,DEU-NW-0001-0001,28,0.010200,0.285600,0.008700,0.243600
S61DE08X,DEU,DEU-VM-0001-0004,2935,0.787300,2310.725500,0.669200,1964.102000
S61DE08X,DEU,DEU-VM-0001-0003,744,0.393600,292.838400,0.334600,248.942400
S61DE08X,DEU,DEU-SD-0001-0001,335960,0.000190,63.832400,0.000160,53.753600
S6H6VZAC,DEU,DEU-VM-0001-0002,257,0.973000,250.061000,0.167700,43.098900
S6H6VZAC,DEU,DEU-DK-0001-0001,216800,0.000190,41.192000,0.000160,34.688000
S6H6VZAC,DEU,DEU-IP-0001-0001,1899,0.010000,18.990000,0.008700,16.521300
S6H6VZAC,DEU,DEU-VM-0001-0001,1653,0.098200,162.324600,0.083500,138.025500
S6H6VZAC,DEU,DEU-NW-0002-0001,546,0.021500,11.739000,0.018300,9.991800
S6H6VZAC,DEU,DEU-DK-0003-0001,4670,0.000190,0.887300,0.000160,0.747200
S6H6VZAC,DEU,DEU-DK-0002-0001,354960,0.000190,67.442400,0.000160,56.793600
S6H6VZAC,DEU,DEU-VM-0001-0004,274,0.787300,215.720200,0.669200,183.360800
S6H6VZAC,DEU,DEU-VM-0001-0003,2517,0.393600,990.691200,0.334600,842.188200
S6H6VZAC,DEU,DEU-SD-0001-0001,400580,0.000190,76.110200,0.000160,64.092800
SSX3T6P7,DEU,DEU-VM-0001-0002,744,0.973000,723.912000,0.167700,124.768800
SSX3T6P7,DEU,DEU-NW-0001-0001,0,0.010200,0.000000,0.008700,0.000000
SSX3T6P7,DEU,DEU-IP-0001-0001,1488,0.010000,14.880000,0.008700,12.945600
SSX3T6P7,DEU,DEU-SD-0001-0001,14880,0.000190,2.827200,0.000160,2.380800
SSX3T6P7,DEU,DEU-VM-0001-0001,744,0.098200,73.060800,0.083500,62.124000
UMILIBMS,DEU,DEU-DK-0001-0001,1488000,0.000190,282.720000,0.000160,238.080000
UMILIBMS,DEU,DEU-IP-0001-0001,1488,0.010000,14.880000,0.008700,12.945600
UMILIBMS,DEU,DEU-SD-0001-0001,59520,0.000190,11.308800,0.000160,9.523200
UU62ICIP,DEU,DEU-NW-0001-0001,0,0.010200,0.000000,0.008700,0.000000
UU62ICIP,DEU,DEU-DK-0001-0001,74400,0.000190,14.136000,0.000160,11.904000
UU62ICIP,DEU,DEU-IP-0001-0001,744,0.010000,7.440000,0.008700,6.472800
UU62ICIP,DEU,DEU-SD-0001-0001,22320,0.000190,4.240800,0.000160,3.571200
UU62ICIP,DEU,DEU-VM-0001-0001,2232,0.098200,219.182400,0.083500,186.372000
UU62ICIP,DEU,DEU-NW-0002-0001,744,0.021500,15.996000,0.018300,13.615200
UU62ICIP,DEU,DEU-DK-0003-0001,7440,0.000190,1.413600,0.000160,1.190400
UU62ICIP,DEU,DEU-DK-0002-0001,7440,0.000190,1.413600,0.000160,1.190400
XLRQSPS5,DEU,DEU-DK-0003-0002,14880,0.000190,2.827200,0.000160,2.380800
XLRQSPS5,DEU,DEU-DK-0001-0001,31580,0.000190,6.000200,0.000160,5.052800
XLRQSPS5,DEU,DEU-IP-0001-0001,1875,0.010000,18.750000,0.008700,16.312500
XLRQSPS5,DEU,DEU-DK-0003-0001,7280,0.000190,1.383200,0.000160,1.164800
XLRQSPS5,DEU,DEU-VM-0001-0001,183,0.098200,17.970600,0.083500,15.280500
XLRQSPS5,DEU,DEU-DK-0002-0001,29760,0.000190,5.654400,0.000160,4.761600
XLRQSPS5,DEU,DEU-NW-0001-0001,0,0.010200,0.000000,0.008700,0.000000
XLRQSPS5,DEU,DEU-SD-0001-0001,113800,0.000190,21.622000,0.000160,18.208000
